cityId	city	county	reason
geonames:5284740	Bankhead Springs	San Diego County	No verified route record
geonames:5284756	Fillmore	Ventura County	No verified route record
geonames:5284782	Briggs Terrace	Los Angeles County	No verified route record
geonames:5284860	Desert Lake	Kern County	No verified route record
geonames:5284896	Fruitvale	Kern County	No verified route record
geonames:5284938	Havilah	Kern County	No verified route record
geonames:5285056	Nutwood	Orange County	No verified route record
geonames:5285060	Palm Grove	San Diego County	No verified route record
geonames:5285084	Pettit Place	Kern County	No verified route record
geonames:5285100	Rancho Del Campo	San Diego County	No verified route record
geonames:5285106	San Ysidro	San Diego County	No verified route record
geonames:5285150	Sentous	Los Angeles County	No verified route record
geonames:5285182	South Taft	Kern County	No verified route record
geonames:5285212	Walteria	Los Angeles County	No verified route record
geonames:5285226	Wilsie	Imperial County	No verified route record
geonames:5285228	Wheeler Springs	Ventura County	No verified route record
geonames:5322176	ARroyo Trailer Park	San Luis Obispo County	No verified route record
geonames:5322304	Acolita	Imperial County	No verified route record
geonames:5322305	Acorn	Santa Barbara County	No verified route record
geonames:5322316	Actis	Kern County	No verified route record
geonames:5322317	Acton	Los Angeles County	No verified route record
geonames:5322377	Adams Square	Los Angeles County	No verified route record
geonames:5322394	Adelaida	San Luis Obispo County	No verified route record
geonames:5322400	Adelanto	San Bernardino County	No verified route record
geonames:5322499	Aerial Acres	Kern County	No verified route record
geonames:5322551	Agoura	Los Angeles County	No verified route record
geonames:5322553	Agoura Hills	Los Angeles County	No verified route record
geonames:5322557	Agra	San Diego County	No verified route record
geonames:5322591	Agua Dulce	Los Angeles County	No verified route record
geonames:5322601	Agua Fria	San Bernardino County	No verified route record
geonames:5322636	Aguanga	Riverside County	No verified route record
geonames:5322738	Alameda	Kern County	No verified route record
geonames:5322822	Alamorio	Imperial County	No verified route record
geonames:5322866	Alberhill	Riverside County	No verified route record
geonames:5323012	Alessandro	Riverside County	No verified route record
geonames:5323059	Algoso	Kern County	No verified route record
geonames:5323060	Alhambra	Los Angeles County	No verified route record
geonames:5323133	Aliso	Orange County	No verified route record
geonames:5323163	Aliso Viejo	Orange County	No verified route record
geonames:5323164	Aliso Village	Los Angeles County	No verified route record
geonames:5323229	Alla	Los Angeles County	No verified route record
geonames:5323291	Allied Gardens	San Diego County	No verified route record
geonames:5323346	Almond	Orange County	No verified route record
geonames:5323371	Alondra Park	Los Angeles County	No verified route record
geonames:5323401	Alpine	San Diego County	No verified route record
geonames:5323449	Alpine Village	Riverside County	No verified route record
geonames:5323451	Alray	San Bernardino County	No verified route record
geonames:5323452	Alsace	Los Angeles County	No verified route record
geonames:5323469	Alta Loma	San Bernardino County	No verified route record
geonames:5323499	Alta Sierra	Kern County	No verified route record
geonames:5323524	Altacanyada	Los Angeles County	No verified route record
geonames:5323525	Altadena	Los Angeles County	No verified route record
geonames:5323539	Alpine Heights	San Diego County	No verified route record
geonames:5323663	Amber Hills	San Bernardino County	No verified route record
geonames:5323668	Amboy	San Bernardino County	No verified route record
geonames:5323767	Americana Mobile Home Park	Orange County	No verified route record
geonames:5323792	Amos	Imperial County	No verified route record
geonames:5323810	Anaheim	Orange County	No verified route record
geonames:5323818	Anaheim Hills	Orange County	No verified route record
geonames:5323827	Anaheim Mobile Home Estates	Orange County	No verified route record
geonames:5323830	Anaheim Royal Mobile Home Park	Orange County	No verified route record
geonames:5323832	Anaheim Shores	Orange County	No verified route record
geonames:5323937	Andrade Corner	Los Angeles County	No verified route record
geonames:5324000	Angelino Heights	Los Angeles County	No verified route record
geonames:5324022	Angelus Oaks	San Bernardino County	No verified route record
geonames:5324076	Annette	Kern County	No verified route record
geonames:5324092	Ansel	Kern County	No verified route record
geonames:5324107	Antelope Acres	Los Angeles County	No verified route record
geonames:5324118	Antelope Center	Los Angeles County	No verified route record
geonames:5324130	Antelope Hills	Riverside County	No verified route record
geonames:5324240	Antonio	Santa Barbara County	No verified route record
geonames:5324249	Anza	Riverside County	No verified route record
geonames:5324252	Anza	Imperial County	No verified route record
geonames:5324275	Apollo	San Bernardino County	No verified route record
geonames:5324363	Apple Valley	San Bernardino County	No verified route record
geonames:5324376	Apple Valley Highlands	San Bernardino County	No verified route record
geonames:5324424	Arabian Gardens Mobile Home Park	Riverside County	No verified route record
geonames:5324443	Araz Junction	Imperial County	No verified route record
geonames:5324449	Arbolada	Ventura County	No verified route record
geonames:5324477	Arcadia	Los Angeles County	No verified route record
geonames:5324512	Archer	San Bernardino County	No verified route record
geonames:5324522	Arcilla	Riverside County	No verified route record
geonames:5324585	Argos	San Bernardino County	No verified route record
geonames:5324592	Argus	San Bernardino County	No verified route record
geonames:5324616	Arguello	Santa Barbara County	No verified route record
geonames:5324628	Arlight	Santa Barbara County	No verified route record
geonames:5324630	Arlington	Riverside County	No verified route record
geonames:5324635	Arlanza	Riverside County	No verified route record
geonames:5324650	Arlington Station	Riverside County	No verified route record
geonames:5324665	Armistead	Kern County	No verified route record
geonames:5324709	Arnold Heights	Riverside County	No verified route record
geonames:5324752	Arrowbear Lake	San Bernardino County	No verified route record
geonames:5324756	Arrowhead	San Bernardino County	No verified route record
geonames:5324759	Arrowhead Equestrian Estates	San Bernardino County	No verified route record
geonames:5324760	Arrowhead Farms	San Bernardino County	No verified route record
geonames:5324761	Arrowhead Highlands	San Bernardino County	No verified route record
geonames:5324763	Arrowhead Junction	San Bernardino County	No verified route record
geonames:5324776	Arrowhead Springs	San Bernardino County	No verified route record
geonames:5324800	Arroyo Fairways Mobile Home Club	Riverside County	No verified route record
geonames:5324802	Arroyo Grande	San Luis Obispo County	No verified route record
geonames:5324816	Arroyo Mobile Home Park	Ventura County	No verified route record
geonames:5324862	Artesia	Los Angeles County	No verified route record
geonames:5324892	Arts Trailer Court	Ventura County	No verified route record
geonames:5324903	Arvin	Kern County	No verified route record
geonames:5324909	Arvin Mobile Home Estates	Kern County	No verified route record
geonames:5324957	Ash Hill	San Bernardino County	No verified route record
geonames:5325106	Asuncion	San Luis Obispo County	No verified route record
geonames:5325111	Atascadero	San Luis Obispo County	No verified route record
geonames:5325144	Athens	Los Angeles County	No verified route record
geonames:5325182	Atolia	San Bernardino County	No verified route record
geonames:5325186	Atwater Village	Los Angeles County	No verified route record
geonames:5325209	Atwood	Orange County	No verified route record
geonames:5325267	Aurant	Los Angeles County	No verified route record
geonames:5325305	Avalon	Los Angeles County	No verified route record
geonames:5325310	Avalon Gardens	Los Angeles County	No verified route record
geonames:5325319	Avalon Village	Los Angeles County	No verified route record
geonames:5325371	Avila Beach	San Luis Obispo County	No verified route record
geonames:5325372	Avocado Heights	Los Angeles County	No verified route record
geonames:5325422	Azure Vista	San Diego County	No verified route record
geonames:5325423	Azusa	Los Angeles County	No verified route record
geonames:5325566	Bagdad	San Bernardino County	No verified route record
geonames:5325579	Bahia Trailer Villa	Orange County	No verified route record
geonames:5325625	Baker	Kern County	No verified route record
geonames:5325626	Baker	San Bernardino County	No verified route record
geonames:5325695	Balboa	Orange County	No verified route record
geonames:5325707	Balboa Island	Orange County	No verified route record
geonames:5325728	Balch	San Bernardino County	No verified route record
geonames:5325738	Bakersfield	Kern County	No verified route record
geonames:5325863	Baldwin Lake	San Bernardino County	No verified route record
geonames:5325866	Baldwin Park	Los Angeles County	No verified route record
geonames:5325880	Baldy Mesa	San Bernardino County	No verified route record
geonames:5325898	Bali-Hi Mobile Home Lodge	Orange County	No verified route record
geonames:5325917	Ballard	Santa Barbara County	No verified route record
geonames:5325924	Ballena	San Diego County	No verified route record
geonames:5325943	Ballou	San Bernardino County	No verified route record
geonames:5325983	Bancroft Point	San Diego County	No verified route record
geonames:5325990	Bandini	Los Angeles County	No verified route record
geonames:5325991	Bandini	Los Angeles County	No verified route record
geonames:5326000	Bangle	Los Angeles County	No verified route record
geonames:5326013	Banner	San Diego County	No verified route record
geonames:5326032	Banning	Riverside County	No verified route record
geonames:5326047	Bannister	Kern County	No verified route record
geonames:5326050	Bannock	San Bernardino County	No verified route record
geonames:5326051	Bannockburn Village	Riverside County	No verified route record
geonames:5326110	Barber City	Orange County	No verified route record
geonames:5326118	Bard	Imperial County	No verified route record
geonames:5326125	Bardsdale	Ventura County	No verified route record
geonames:5326225	Baroda	Santa Barbara County	No verified route record
geonames:5326227	Barona	San Diego County	No verified route record
geonames:5326263	Barrett	San Diego County	No verified route record
geonames:5326274	Barrett Junction	San Diego County	No verified route record
geonames:5326284	Barrio Logan	San Diego County	No verified route record
geonames:5326297	Barstow	San Bernardino County	No verified route record
geonames:5326305	Barstow Heights	San Bernardino County	No verified route record
geonames:5326313	Barsug	Santa Barbara County	No verified route record
geonames:5326339	Bartolo	Los Angeles County	No verified route record
geonames:5326377	Basin	San Bernardino County	No verified route record
geonames:5326440	Bassett	Los Angeles County	No verified route record
geonames:5326558	Bay Park	San Diego County	No verified route record
geonames:5326571	Bay Shores	Orange County	No verified route record
geonames:5326620	Bayside Village	San Diego County	No verified route record
geonames:5326638	Baywood Park	San Luis Obispo County	No verified route record
geonames:5326656	Beach West Mobile Home Estates	Orange County	No verified route record
geonames:5326658	Beachview Mobile Home Park	Orange County	No verified route record
geonames:5326659	Beachwood Trailer Park	Orange County	No verified route record
geonames:5326668	Beacon Station	San Bernardino County	No verified route record
geonames:5326681	Bealville	Kern County	No verified route record
geonames:5327003	Bear Valley Springs	Kern County	No verified route record
geonames:5327098	Beaumont	Riverside County	No verified route record
geonames:5327194	Bee Rock	San Luis Obispo County	No verified route record
geonames:5327233	Beeks Place	Orange County	No verified route record
geonames:5327259	Bel Air	Los Angeles County	No verified route record
geonames:5327298	Bell	Los Angeles County	No verified route record
geonames:5327319	Bell Gardens	Los Angeles County	No verified route record
geonames:5327341	Bell Mountain	San Bernardino County	No verified route record
geonames:5327415	Bellevue Heights	San Bernardino County	No verified route record
geonames:5327422	Bellflower	Los Angeles County	No verified route record
geonames:5327441	Belltown	Riverside County	No verified route record
geonames:5327446	Bellview Park Mobile Home Park	San Diego County	No verified route record
geonames:5327478	Belmont Shore	Los Angeles County	No verified route record
geonames:5327489	Belvedere	Los Angeles County	No verified route record
geonames:5327496	Belvedere Gardens	Los Angeles County	No verified route record
geonames:5327497	Belvedere Heights	Riverside County	No verified route record
geonames:5327533	Bena	Kern County	No verified route record
geonames:5327717	Bermuda Dunes	Riverside County	No verified route record
geonames:5327720	Bermuda Palms Mobile Park	Riverside County	No verified route record
geonames:5327721	Bern	San Luis Obispo County	No verified route record
geonames:5327788	Berrydale Trailer Park	Orange County	No verified route record
geonames:5327810	Bertram	Imperial County	No verified route record
geonames:5327998	Bethune	San Bernardino County	No verified route record
geonames:5328009	Betteravia	Santa Barbara County	No verified route record
geonames:5328010	Betteravia Junction	Santa Barbara County	No verified route record
geonames:5328039	Beverly Glen	Los Angeles County	No verified route record
geonames:5328041	Beverly Hills	Los Angeles County	No verified route record
geonames:5328108	Bicknell	Santa Barbara County	No verified route record
geonames:5328152	Big Bear City	San Bernardino County	No verified route record
geonames:5328163	Big Bear Lake	San Bernardino County	No verified route record
geonames:5328451	Big Pines	Los Angeles County	No verified route record
geonames:5328486	Big River	San Bernardino County	No verified route record
geonames:5328497	Big Rock Springs	Los Angeles County	No verified route record
geonames:5328716	Bingham	Orange County	No verified route record
geonames:5328850	Biskra Palms	Riverside County	No verified route record
geonames:5328858	Bit-O-Home Trailer Park	Orange County	No verified route record
geonames:5328862	Bissell	Kern County	No verified route record
geonames:5328896	Bixby Knolls	Los Angeles County	No verified route record
geonames:5329025	Black Meadow Landing	San Bernardino County	No verified route record
geonames:5329249	Blackwells Corner	Kern County	No verified route record
geonames:5329408	Bloomington	San Bernardino County	No verified route record
geonames:5329434	Blossom Valley	San Diego County	No verified route record
geonames:5329506	Blue Jay	San Bernardino County	No verified route record
geonames:5329625	Bluewater	San Bernardino County	No verified route record
geonames:5329647	Bly	Riverside County	No verified route record
geonames:5329649	Blythe	Riverside County	No verified route record
geonames:5329655	Blythe Marina Mobile Estates	Riverside County	No verified route record
geonames:5329664	Boal	San Diego County	No verified route record
geonames:5329754	Bodfish	Kern County	No verified route record
geonames:5329816	Boiling Point	Los Angeles County	No verified route record
geonames:5329853	Bolsa	Orange County	No verified route record
geonames:5329873	Bolsa Verde	Orange County	No verified route record
geonames:5329885	Bombay Beach	Imperial County	No verified route record
geonames:5329921	Bonds Corner	Imperial County	No verified route record
geonames:5329954	Bonita	San Diego County	No verified route record
geonames:5329996	Bonnie Bell	Riverside County	No verified route record
geonames:5330008	Bonsall	San Diego County	No verified route record
geonames:5330106	Boron	Kern County	No verified route record
geonames:5330123	Borosolvay	San Bernardino County	No verified route record
geonames:5330130	Borrego	San Diego County	No verified route record
geonames:5330143	Borrego Springs	San Diego County	No verified route record
geonames:5330167	Bostonia	San Diego County	No verified route record
geonames:5330175	Boston Heights	Los Angeles County	No verified route record
geonames:5330205	Boulder Bay	San Bernardino County	No verified route record
geonames:5330241	Boulder Oaks	San Diego County	No verified route record
geonames:5330242	Boulder Oaks	San Diego County	No verified route record
geonames:5330244	Boulder Park	Imperial County	No verified route record
geonames:5330250	Boulevard	San Diego County	No verified route record
geonames:5330251	Boulevard Gardens	Orange County	No verified route record
geonames:5330283	Bouquet Junction	Los Angeles County	No verified route record
geonames:5330314	Bowerbank	Kern County	No verified route record
geonames:5330382	Box Springs	Riverside County	No verified route record
geonames:5330413	Boyle Heights	Los Angeles County	No verified route record
geonames:5330422	Boys Republic	San Bernardino County	No verified route record
geonames:5330443	Bradbury	Los Angeles County	No verified route record
geonames:5330482	Bradys	Kern County	No verified route record
geonames:5330489	Bragur	Santa Barbara County	No verified route record
geonames:5330567	Brawley	Imperial County	No verified route record
geonames:5330578	Brant	San Bernardino County	No verified route record
geonames:5330582	Brea	Orange County	No verified route record
geonames:5330591	Brea Chem	Orange County	No verified route record
geonames:5330640	Brents Junction	Los Angeles County	No verified route record
geonames:5330643	Brentwood	Los Angeles County	No verified route record
geonames:5330651	Brentwood Heights	Los Angeles County	No verified route record
geonames:5330658	Brentwood Park	Los Angeles County	No verified route record
geonames:5330731	Bridgedale	Los Angeles County	No verified route record
geonames:5330882	Broadwell	San Bernardino County	No verified route record
geonames:5330941	Brookfield Manor Mobile Home Park	Orange County	No verified route record
geonames:5330949	Brookhurst	Orange County	No verified route record
geonames:5330958	Brooklyn Heights	Los Angeles County	No verified route record
geonames:5330959	Brooklyn Heights	San Diego County	No verified route record
geonames:5331019	Brown	Kern County	No verified route record
geonames:5331083	Browning	Orange County	No verified route record
geonames:5331260	Bryman	San Bernardino County	No verified route record
geonames:5331261	Bryn Mawr	San Bernardino County	No verified route record
geonames:5331453	Buckhorn	Ventura County	No verified route record
geonames:5331568	Buellton	Santa Barbara County	No verified route record
geonames:5331572	Buena	San Diego County	No verified route record
geonames:5331575	Buena Park	Orange County	No verified route record
geonames:5331620	Buena Vista Mobile Home Park	Kern County	No verified route record
geonames:5331813	Bunker Hill	San Bernardino County	No verified route record
geonames:5331835	Burbank	Los Angeles County	No verified route record
geonames:5331850	Burbank Junction	Los Angeles County	No verified route record
geonames:5332107	Burton Mill	Kern County	No verified route record
geonames:5332128	Bush	San Bernardino County	No verified route record
geonames:5332164	Butler	Los Angeles County	No verified route record
geonames:5332211	Butte Street Junction	Los Angeles County	No verified route record
geonames:5332224	Butterfield Lake Estates	Riverside County	No verified route record
geonames:5332251	Buttonwillow	Kern County	No verified route record
geonames:5332374	Cabazon	Riverside County	No verified route record
geonames:5332413	Cable	Kern County	No verified route record
geonames:5332466	Cabrillo Village	Ventura County	No verified route record
geonames:5332491	Cachuma Village	Santa Barbara County	No verified route record
geonames:5332492	Cactus	Imperial County	No verified route record
geonames:5332494	Cactus City	Riverside County	No verified route record
geonames:5332519	Cadiz	San Bernardino County	No verified route record
geonames:5332549	Cahuilla	Riverside County	No verified route record
geonames:5332552	Cahuilla Hills	Riverside County	No verified route record
geonames:5332568	Cajon	San Bernardino County	No verified route record
geonames:5332572	Cajon Junction	San Bernardino County	No verified route record
geonames:5332593	Calabasas	Los Angeles County	No verified route record
geonames:5332596	Calabasas Highlands	Los Angeles County	No verified route record
geonames:5332612	Calada	San Bernardino County	No verified route record
geonames:5332655	Calavo Gardens	San Diego County	No verified route record
geonames:5332661	Calders Corner	Kern County	No verified route record
geonames:5332694	Calexico Lodge	San Diego County	No verified route record
geonames:5332698	Calexico	Imperial County	No verified route record
geonames:5332708	Calico	Kern County	No verified route record
geonames:5332709	Calico	San Bernardino County	No verified route record
geonames:5332714	Caliente	Kern County	No verified route record
geonames:5332719	Caliente Sands	Riverside County	No verified route record
geonames:5332748	California City	Kern County	No verified route record
geonames:5332795	California Heights	Los Angeles County	No verified route record
geonames:5332836	California Mobile Home Park	Orange County	No verified route record
geonames:5332916	California Valley	San Luis Obispo County	No verified route record
geonames:5332925	Calimesa Mobile Home Ranch	Riverside County	No verified route record
geonames:5332929	Calipatria	Imperial County	No verified route record
geonames:5332957	Calimesa	Riverside County	No verified route record
geonames:5332963	Callender	San Luis Obispo County	No verified route record
geonames:5333168	Calzona	San Bernardino County	No verified route record
geonames:5333180	Camarillo	Ventura County	No verified route record
geonames:5333194	Camarillo Mobile Estates	Ventura County	No verified route record
geonames:5333207	Cambria	San Luis Obispo County	No verified route record
geonames:5333214	Cambria Pines	San Luis Obispo County	No verified route record
geonames:5333257	Camelot Hills	Riverside County	No verified route record
geonames:5333264	Cameron	Kern County	No verified route record
geonames:5333272	Cameron Corners	San Diego County	No verified route record
geonames:5333291	Camerons Mobile Home Park	San Diego County	No verified route record
geonames:5333340	Camp Bartlett	Ventura County	No verified route record
geonames:5333554	Camp Owens	Kern County	No verified route record
geonames:5333747	Campland on the Bay Trailer Park	San Diego County	No verified route record
geonames:5333749	Campo	San Diego County	No verified route record
geonames:5333803	Camulos	Ventura County	No verified route record
geonames:5333870	Canebrake	Kern County	No verified route record
geonames:5333893	Cannery Village Mobile Home Park	Orange County	No verified route record
geonames:5333913	Canoga Park	Los Angeles County	No verified route record
geonames:5333923	Cantil	Kern County	No verified route record
geonames:5333938	Canyon Acres	Orange County	No verified route record
geonames:5333942	Canyon City	San Diego County	No verified route record
geonames:5333944	Canyon Country	Los Angeles County	No verified route record
geonames:5333964	Canyon Crest Heights	Riverside County	No verified route record
geonames:5333965	Canyon Crest Mobile Home Park	San Diego County	No verified route record
geonames:5333976	Canyon Lake	Riverside County	No verified route record
geonames:5334061	Capistrano Beach	Orange County	No verified route record
geonames:5334067	Capistrano Terrace Mobile Home Park	Orange County	No verified route record
geonames:5334070	Capistrano Valley Mobile Home Estates	Orange County	No verified route record
geonames:5334079	Capital Hill	San Luis Obispo County	No verified route record
geonames:5334080	Capitan	Santa Barbara County	No verified route record
geonames:5334128	Caravana Trailer Lodge	Orange County	No verified route record
geonames:5334167	Cardiff-by-the-Sea	San Diego County	No verified route record
geonames:5334182	Carefree Ranch Mobile Home Park	San Diego County	No verified route record
geonames:5334184	Carefree Mobile Village	Riverside County	No verified route record
geonames:5334223	Carlsbad	San Diego County	No verified route record
geonames:5334234	Carlsbad Trailer Park	San Diego County	No verified route record
geonames:5334239	Carlton	Orange County	No verified route record
geonames:5334241	Carlton Hills	San Diego County	No verified route record
geonames:5334332	Carmenita	Los Angeles County	No verified route record
geonames:5334423	Carpinteria	Santa Barbara County	No verified route record
geonames:5334451	Carr	Santa Barbara County	No verified route record
geonames:5334469	Carriage Mobile Home Estates	Orange County	No verified route record
geonames:5334519	Carson	Los Angeles County	No verified route record
geonames:5334569	Carthay Circle	Los Angeles County	No verified route record
geonames:5334608	Casa Blanca	Riverside County	No verified route record
geonames:5334619	Casa Conejo	Ventura County	No verified route record
geonames:5334628	Casa Grande Estates Mobile Home Park	San Diego County	No verified route record
geonames:5334629	Casa Grande Mobile Home Park	Santa Barbara County	No verified route record
geonames:5334632	Casa Hermosa Mobile Home Park	Orange County	No verified route record
geonames:5334638	Casa Loma	Riverside County	No verified route record
geonames:5334660	Casa de Amigos Mobile Home Park	San Diego County	No verified route record
geonames:5334666	Casa de Oro	San Diego County	No verified route record
geonames:5334677	Casa del Norte Mobile Home Community	Ventura County	No verified route record
geonames:5334756	Casitas Mobile Home Park	Ventura County	No verified route record
geonames:5334759	Casitas Springs	Ventura County	No verified route record
geonames:5334766	Casmalia	Santa Barbara County	No verified route record
geonames:5334768	Casitas del Sol Mobile Home Park	San Diego County	No verified route record
geonames:5334799	Castaic	Los Angeles County	No verified route record
geonames:5334805	Castaic Junction	Los Angeles County	No verified route record
geonames:5334820	Castellammare	Los Angeles County	No verified route record
geonames:5334855	Castle Park	San Diego County	No verified route record
geonames:5334945	Caswell	Los Angeles County	No verified route record
geonames:5335006	Cathedral City	Riverside County	No verified route record
geonames:5335123	Cavin	Ventura County	No verified route record
geonames:5335124	Cawelo	Kern County	No verified route record
geonames:5335131	Cayucos	San Luis Obispo County	No verified route record
geonames:5335219	Cedar Glen	San Bernardino County	No verified route record
geonames:5335288	Cedar Springs	Los Angeles County	No verified route record
geonames:5335294	Cedarpines Park	San Bernardino County	No verified route record
geonames:5335329	Ceneda	Kern County	No verified route record
geonames:5335662	Century City	Los Angeles County	No verified route record
geonames:5335663	Cerritos	Los Angeles County	No verified route record
geonames:5335688	Cerro Villa Heights	Orange County	No verified route record
geonames:5335715	Chaffee	Kern County	No verified route record
geonames:5335794	Chambless	San Bernardino County	No verified route record
geonames:5335803	Champagne	San Bernardino County	No verified route record
geonames:5335846	Channel Islands Beach	Ventura County	No verified route record
geonames:5335910	Chapman	Los Angeles County	No verified route record
geonames:5335935	Chappo	San Diego County	No verified route record
geonames:5336017	Charter Oak	Los Angeles County	No verified route record
geonames:5336022	Charter Oak Mobile Estates	Los Angeles County	No verified route record
geonames:5336028	Chase	San Bernardino County	No verified route record
geonames:5336054	Chatsworth	Los Angeles County	No verified route record
geonames:5336061	Chatsworth Lake Manor	Ventura County	No verified route record
geonames:5336117	Cherokee Mobile Gardens	Orange County	No verified route record
geonames:5336121	Cherokee Strip	Kern County	No verified route record
geonames:5336185	Cherry Valley	Riverside County	No verified route record
geonames:5336455	China Lake	Kern County	No verified route record
geonames:5336457	China Lake Acres	Kern County	No verified route record
geonames:5336537	Chino	San Bernardino County	No verified route record
geonames:5336545	Chino Hills	San Bernardino County	No verified route record
geonames:5336597	Chiriaco Summit	Riverside County	No verified route record
geonames:5336629	Cholame	San Luis Obispo County	No verified route record
geonames:5336649	Chollas Creek	San Diego County	No verified route record
geonames:5336653	Chollas View	San Diego County	No verified route record
geonames:5336656	Chorro	San Luis Obispo County	No verified route record
geonames:5336690	Chrisman	Ventura County	No verified route record
geonames:5336879	Chubbuck	San Bernardino County	No verified route record
geonames:5336899	Chula Vista	San Diego County	No verified route record
geonames:5337450	Cienega	Los Angeles County	No verified route record
geonames:5337463	Cienega Seabreeze Mobile Home Park	San Luis Obispo County	No verified route record
geonames:5337478	Cima	San Bernardino County	No verified route record
geonames:5337486	Cimarron Estates Mobile Home Park	Santa Barbara County	No verified route record
geonames:5337491	Cinco	Kern County	No verified route record
geonames:5337551	Citrus	Los Angeles County	No verified route record
geonames:5337558	Citrus Gardens Mobile Home Park	San Diego County	No verified route record
geonames:5337578	Citrus View	Imperial County	No verified route record
geonames:5337606	City Terrace	Los Angeles County	No verified route record
geonames:5337661	Clairemont	San Diego County	No verified route record
geonames:5337681	Clair	Orange County	No verified route record
geonames:5337692	Claraville	Kern County	No verified route record
geonames:5337696	Claremont	Los Angeles County	No verified route record
geonames:5337916	Clearwater	Los Angeles County	No verified route record
geonames:5337946	Clement Junction	Los Angeles County	No verified route record
geonames:5338011	Clifton	Los Angeles County	No verified route record
geonames:5338014	Cliff Haven	Orange County	No verified route record
geonames:5338081	Clover Flat	San Diego County	No verified route record
geonames:5338153	Clyde	Imperial County	No verified route record
geonames:5338165	Coach Royal Trailer Park	Orange County	No verified route record
geonames:5338166	Coachella	Riverside County	No verified route record
geonames:5338294	Cockatoo Grove	San Diego County	No verified route record
geonames:5338581	Colima	Los Angeles County	No verified route record
geonames:5338584	Colina Vista	Riverside County	No verified route record
geonames:5338609	College Heights	San Bernardino County	No verified route record
geonames:5338610	Montezuma Mesa	San Diego County	No verified route record
geonames:5338721	Colonia Juarez	Orange County	No verified route record
geonames:5338722	Colonia Manzanilla	Orange County	No verified route record
geonames:5338783	Colton	San Bernardino County	No verified route record
geonames:5338929	Commerce	Los Angeles County	No verified route record
geonames:5338977	Community Center	Ventura County	No verified route record
geonames:5339056	Como	Orange County	No verified route record
geonames:5339066	Compton	Los Angeles County	No verified route record
geonames:5339086	Concepcion	Santa Barbara County	No verified route record
geonames:5339157	Conejo Valley Trailer Park	Ventura County	No verified route record
geonames:5339226	Conner	Kern County	No verified route record
geonames:5339363	Coolidge Springs	Imperial County	No verified route record
geonames:5339462	Copper City	San Bernardino County	No verified route record
geonames:5339592	Cornell	Los Angeles County	No verified route record
geonames:5339630	Coromar	Santa Barbara County	No verified route record
geonames:5339631	Corona	Riverside County	No verified route record
geonames:5339657	Corona del Mar	Orange County	No verified route record
geonames:5339663	Coronado	San Diego County	No verified route record
geonames:5339670	Coronado Gardens Mobile Home Park	Riverside County	No verified route record
geonames:5339760	Corriganville	Ventura County	No verified route record
geonames:5339840	Costa Mesa	Orange County	No verified route record
geonames:5339844	Costa Mesa Mobile Home Estates	Orange County	No verified route record
geonames:5339862	Cosy Dell	San Bernardino County	No verified route record
geonames:5339863	Cota	Los Angeles County	No verified route record
geonames:5339872	Cotners Corner	San Bernardino County	No verified route record
geonames:5339873	Coto De Caza	Orange County	No verified route record
geonames:5339878	Cottage Gardens	San Bernardino County	No verified route record
geonames:5340072	Country Club Park	Los Angeles County	No verified route record
geonames:5340090	Country Manor Estates	Riverside County	No verified route record
geonames:5340091	Country Mobile Estates	Los Angeles County	No verified route record
geonames:5340093	Country Road Estates	Riverside County	No verified route record
geonames:5340175	Covina	Los Angeles County	No verified route record
geonames:5340249	Cowan Heights	Orange County	No verified route record
geonames:5340277	Cox	Riverside County	No verified route record
geonames:5340429	Coyote Wells	Imperial County	No verified route record
geonames:5340456	Crafton	San Bernardino County	No verified route record
geonames:5340582	Creekside	San Bernardino County	No verified route record
geonames:5340588	Creekside Mobile Home Estates	Orange County	No verified route record
geonames:5340620	Crescent	Los Angeles County	No verified route record
geonames:5340655	Crest	San Diego County	No verified route record
geonames:5340662	Crest Park	San Bernardino County	No verified route record
geonames:5340674	Crestline	San Bernardino County	No verified route record
geonames:5340682	Crestmore	Riverside County	No verified route record
geonames:5340683	Crestmore	San Bernardino County	No verified route record
geonames:5340687	Creston	San Luis Obispo County	No verified route record
geonames:5340775	Crome	Kern County	No verified route record
geonames:5340777	Cronese Valley	San Bernardino County	No verified route record
geonames:5340825	Cross Roads	San Bernardino County	No verified route record
geonames:5340888	Crown Jewel	San Bernardino County	No verified route record
geonames:5340941	Crystal Cove	Orange County	No verified route record
geonames:5341051	Cudahy	Los Angeles County	No verified route record
geonames:5341068	Cuesta-by-the-Sea	San Luis Obispo County	No verified route record
geonames:5341094	Culver Garden	Los Angeles County	No verified route record
geonames:5341095	Culver Junction	Los Angeles County	No verified route record
geonames:5341114	Culver City	Los Angeles County	No verified route record
geonames:5341124	Cuna Vista Mobile Home Park	San Luis Obispo County	No verified route record
geonames:5341156	Curlew	Imperial County	No verified route record
geonames:5341190	Cushenbury	San Bernardino County	No verified route record
geonames:5341194	Cushing	San Luis Obispo County	No verified route record
geonames:5341223	Cuyama	Santa Barbara County	No verified route record
geonames:5341255	Cypave	Los Angeles County	No verified route record
geonames:5341256	Cypress	Orange County	No verified route record
geonames:5341271	Cypress Gardens Mobile Home Community	Kern County	No verified route record
geonames:5341273	Cypress Grove	Los Angeles County	No verified route record
geonames:5341296	Cypress Park	Los Angeles County	No verified route record
geonames:5341365	Daggett	San Bernardino County	No verified route record
geonames:5341483	Dana Point	Orange County	No verified route record
geonames:5341486	Dana Point Marina Mobile Home Estates	Orange County	No verified route record
geonames:5341493	Dana Strand Village	Los Angeles County	No verified route record
geonames:5341499	Danby	San Bernardino County	No verified route record
geonames:5341628	Date City	Imperial County	No verified route record
geonames:5341802	Dayton Avenue	Los Angeles County	No verified route record
geonames:5341832	De Anza Trailer Harbor	San Diego County	No verified route record
geonames:5341833	De Anza Village	Riverside County	No verified route record
geonames:5341847	De Luz	San Diego County	No verified route record
geonames:5341850	De Luz Heights	San Diego County	No verified route record
geonames:5341877	DeLuz	San Diego County	No verified route record
geonames:5342071	Declez	San Bernardino County	No verified route record
geonames:5342073	Declezville	San Bernardino County	No verified route record
geonames:5342233	Deer Lake Highlands	Los Angeles County	No verified route record
geonames:5342238	Deer Haven	San Bernardino County	No verified route record
geonames:5342317	Dehesa	San Diego County	No verified route record
geonames:5342326	Del Amo	Los Angeles County	No verified route record
geonames:5342335	Del Cerro	San Diego County	No verified route record
geonames:5342338	Del Cerro Mobile Home Estates	Orange County	No verified route record
geonames:5342343	Del Cielo Mobile Estates	Santa Barbara County	No verified route record
geonames:5342345	Del Dios	San Diego County	No verified route record
geonames:5342350	Del Francia Mobile Estates	Ventura County	No verified route record
geonames:5342353	Del Mar	San Diego County	No verified route record
geonames:5342358	Del Mar Heights	San Diego County	No verified route record
geonames:5342420	Del Prado Bolsa	Orange County	No verified route record
geonames:5342421	Del Prado Mobile Park Club	Orange County	No verified route record
geonames:5342425	Del Aire	Los Angeles County	No verified route record
geonames:5342431	Del Rey	Los Angeles County	No verified route record
geonames:5342433	Del Ray Mobile Home Estates	Orange County	No verified route record
geonames:5342455	Del Rosa	San Bernardino County	No verified route record
geonames:5342464	Del Sur	Los Angeles County	No verified route record
geonames:5342467	Del Valle	Los Angeles County	No verified route record
geonames:5342485	Delano	Kern County	No verified route record
geonames:5342496	Delano Mobile Home Park	Kern County	No verified route record
geonames:5342542	Delta	Los Angeles County	No verified route record
geonames:5342577	Democrat Hot Springs	Kern County	No verified route record
geonames:5342645	Derby Acres	Kern County	No verified route record
geonames:5342657	Descanso	San Diego County	No verified route record
geonames:5342662	Des Moines	Orange County	No verified route record
geonames:5342666	Descanso Junction	San Diego County	No verified route record
geonames:5342680	Desert Beach	Riverside County	No verified route record
geonames:5342683	Desert Camp	Riverside County	No verified route record
geonames:5342684	Desert Center	Riverside County	No verified route record
geonames:5342699	Desert Groves Mobile Home Park	Riverside County	No verified route record
geonames:5342701	Desert Heights	San Bernardino County	No verified route record
geonames:5342707	Desert Hills Trailer Park	Riverside County	No verified route record
geonames:5342710	Desert Hot Springs	Riverside County	No verified route record
geonames:5342721	Desert Knolls	San Bernardino County	No verified route record
geonames:5342722	Desert Knolls Manor	San Bernardino County	No verified route record
geonames:5342726	Desert Lodge	San Diego County	No verified route record
geonames:5342740	Desert Sands Mobile Home Park	San Diego County	No verified route record
geonames:5342741	Desert Shores	Imperial County	No verified route record
geonames:5342748	Desert View	Riverside County	No verified route record
geonames:5342750	Desert View Highlands	Los Angeles County	No verified route record
geonames:5342751	Desert View Housing Area	San Bernardino County	No verified route record
geonames:5342792	Devil Canyon	San Bernardino County	No verified route record
geonames:5342930	Devon	Santa Barbara County	No verified route record
geonames:5342937	Devore	San Bernardino County	No verified route record
geonames:5342939	Devore Heights	San Bernardino County	No verified route record
geonames:5342966	Di Giorgio	Kern County	No verified route record
geonames:5342992	Diamond Bar	Los Angeles County	No verified route record
geonames:5343307	Dixieland	Imperial County	No verified route record
geonames:5343347	Doble	San Bernardino County	No verified route record
geonames:5343436	Doghouse Junction	San Diego County	No verified route record
geonames:5343463	Dolanco Junction	Los Angeles County	No verified route record
geonames:5343477	Dolley	Los Angeles County	No verified route record
geonames:5343486	Dolores	Los Angeles County	No verified route record
geonames:5343538	Dominguez	Los Angeles County	No verified route record
geonames:5343543	Dominguez Junction	Los Angeles County	No verified route record
geonames:5343684	Dorado Mobile Home Park	Riverside County	No verified route record
geonames:5343708	Dorset Village	Los Angeles County	No verified route record
geonames:5343717	Dos Cabezas	San Diego County	No verified route record
geonames:5343724	Dos Palmas Corners	Riverside County	No verified route record
geonames:5343815	Douglas Junction	Los Angeles County	No verified route record
geonames:5343834	Dove Canyon	Orange County	No verified route record
geonames:5343850	Dow	Kern County	No verified route record
geonames:5343858	Downey	Los Angeles County	No verified route record
geonames:5343872	Downey Road	Los Angeles County	No verified route record
geonames:5343925	Drake	Santa Barbara County	No verified route record
geonames:5343961	Driftwood Mobile Home Park	Orange County	No verified route record
geonames:5344147	Duarte	Los Angeles County	No verified route record
geonames:5344220	Dudmore	Los Angeles County	No verified route record
geonames:5344242	Dulah	Ventura County	No verified route record
geonames:5344244	Dulzura	San Diego County	No verified route record
geonames:5344273	Duncan Corners	San Bernardino County	No verified route record
geonames:5344298	Dunes	Imperial County	No verified route record
geonames:5344312	Dunlap Acres	San Bernardino County	No verified route record
geonames:5344322	Dunn	San Bernardino County	No verified route record
geonames:5344373	Durmid	Riverside County	No verified route record
geonames:5344380	Dustin Acres	Kern County	No verified route record
geonames:5344437	Dutch Village	Riverside County	No verified route record
geonames:5344486	Dyer	Orange County	No verified route record
geonames:5344575	Eagle Mountain	Riverside County	No verified route record
geonames:5344612	Eagle Ranch	San Bernardino County	No verified route record
geonames:5344624	Eagle Rock	Los Angeles County	No verified route record
geonames:5344680	Eagles Nest	San Diego County	No verified route record
geonames:5344715	Earp	San Bernardino County	No verified route record
geonames:5344726	East Arcadia	Los Angeles County	No verified route record
geonames:5344734	East Bakersfield	Kern County	No verified route record
geonames:5344754	East Blythe	Riverside County	No verified route record
geonames:5344816	East Colton Heights	San Bernardino County	No verified route record
geonames:5344817	East Rancho Dominguez	Los Angeles County	No verified route record
geonames:5344942	East Hemet	Riverside County	No verified route record
geonames:5344944	East Highlands	San Bernardino County	No verified route record
geonames:5344973	East Irvine	Orange County	No verified route record
geonames:5344987	East La Mirada	Los Angeles County	No verified route record
geonames:5344994	East Los Angeles	Los Angeles County	No verified route record
geonames:5345038	East Pasadena	Los Angeles County	No verified route record
geonames:5345067	East San Diego	San Diego County	No verified route record
geonames:5345071	East San Gabriel	Los Angeles County	No verified route record
geonames:5345113	East Village	San Luis Obispo County	No verified route record
geonames:5345117	East Whittier	Los Angeles County	No verified route record
geonames:5345122	Easter Cross	San Diego County	No verified route record
geonames:5345144	Eastlake	San Diego County	No verified route record
geonames:5345147	Eastlake Greens	San Diego County	No verified route record
geonames:5345163	Eastmont	Los Angeles County	No verified route record
geonames:5345248	Ebbtide Mobile Home Park	Orange County	No verified route record
geonames:5345268	Echo	San Bernardino County	No verified route record
geonames:5345330	Eden	Riverside County	No verified route record
geonames:5345340	Eden Hot Springs	Riverside County	No verified route record
geonames:5345347	Eden Gardens	San Diego County	No verified route record
geonames:5345360	Edgar	Imperial County	No verified route record
geonames:5345367	Edgemont	Riverside County	No verified route record
geonames:5345386	Edison	Kern County	No verified route record
geonames:5345421	Edmundson Acres	Kern County	No verified route record
geonames:5345422	Edna	San Luis Obispo County	No verified route record
geonames:5345433	Edom	Riverside County	No verified route record
geonames:5345449	Edwards	Kern County	No verified route record
geonames:5345476	Egan	Riverside County	No verified route record
geonames:5345529	El Cajon	San Diego County	No verified route record
geonames:5345543	El Camino 76 Trailer Park	San Diego County	No verified route record
geonames:5345596	El Capitan Village Mobile Home Park	Santa Barbara County	No verified route record
geonames:5345605	El Casco	Riverside County	No verified route record
geonames:5345609	El Centro	Imperial County	No verified route record
geonames:5345624	El Cerrito Corona	Riverside County	No verified route record
geonames:5345655	El Dorada Mobile Estates	Ventura County	No verified route record
geonames:5345705	El Encano Heights	Santa Barbara County	No verified route record
geonames:5345728	El Merrie Dell	Los Angeles County	No verified route record
geonames:5345732	El Mirage	San Bernardino County	No verified route record
geonames:5345735	El Modena	Orange County	No verified route record
geonames:5345743	El Monte	Los Angeles County	No verified route record
geonames:5345760	El Nido	Los Angeles County	No verified route record
geonames:5345761	El Nido	Los Angeles County	No verified route record
geonames:5345768	El Nido Mobile Home Estates	Orange County	No verified route record
geonames:5345821	El Rancho Mobile Home Park	Los Angeles County	No verified route record
geonames:5345822	El Rancho Mobile Home Park	San Diego County	No verified route record
geonames:5345844	El Rio	Ventura County	No verified route record
geonames:5345849	El Rita	Kern County	No verified route record
geonames:5345860	El Segundo	Los Angeles County	No verified route record
geonames:5345872	El Sereno	Los Angeles County	No verified route record
geonames:5345877	El Sereno Estates Mobile Home Park	Ventura County	No verified route record
geonames:5345897	El Sueno	Santa Barbara County	No verified route record
geonames:5345910	El Toro Mobile Home Estates	Orange County	No verified route record
geonames:5345928	Elayon	Los Angeles County	No verified route record
geonames:5345982	Eldorado Mobile Home Estates	Orange County	No verified route record
geonames:5346050	Elfin Forest	San Diego County	No verified route record
geonames:5346052	Elftman	Los Angeles County	No verified route record
geonames:5346239	Ellis	Riverside County	No verified route record
geonames:5346265	Ellwood	Santa Barbara County	No verified route record
geonames:5346266	Ellwood Estates	Santa Barbara County	No verified route record
geonames:5346308	Elmo	Kern County	No verified route record
geonames:5346315	Elmore Desert Ranch	Imperial County	No verified route record
geonames:5346324	Elora	San Bernardino County	No verified route record
geonames:5346348	Elvira	San Diego County	No verified route record
geonames:5346394	Emerald Bay	Orange County	No verified route record
geonames:5346401	Emerald Hills	San Diego County	No verified route record
geonames:5346406	Emerald Isle Mobile Home Park	Orange County	No verified route record
geonames:5346603	Encanto	San Diego County	No verified route record
geonames:5346646	Encinitas	San Diego County	No verified route record
geonames:5346649	Encino	Los Angeles County	No verified route record
geonames:5346681	Engineer Springs	San Diego County	No verified route record
geonames:5346703	Eniwetok Housing Area	San Bernardino County	No verified route record
geonames:5346706	Ennis	Riverside County	No verified route record
geonames:5346769	Epworth	Ventura County	No verified route record
geonames:5346827	Escondido	San Diego County	No verified route record
geonames:5346837	Escondido Junction	San Diego County	No verified route record
geonames:5346847	Escondido Terrace Mobile Home Park	San Diego County	No verified route record
geonames:5346877	Esperanza	Orange County	No verified route record
geonames:5346900	Essex	San Bernardino County	No verified route record
geonames:5346910	Estelle	Imperial County	No verified route record
geonames:5346935	Estrella	San Luis Obispo County	No verified route record
geonames:5346963	Etiwanda	San Bernardino County	No verified route record
geonames:5346986	Eucalyptus Hills	San Diego County	No verified route record
geonames:5347315	Fairbanks Ranch	San Diego County	No verified route record
geonames:5347388	Fairoaks	San Luis Obispo County	No verified route record
geonames:5347399	Fairview	Ventura County	No verified route record
geonames:5347423	Fairview Mobile Home Estates	Orange County	No verified route record
geonames:5347578	Fallbrook	San Diego County	No verified route record
geonames:5347591	Fallbrook Junction	San Diego County	No verified route record
geonames:5347672	Famoso	Kern County	No verified route record
geonames:5347728	Faria	Ventura County	No verified route record
geonames:5347761	Farr	San Diego County	No verified route record
geonames:5347810	Fawnskin	San Bernardino County	No verified route record
geonames:5347871	Felicity	Imperial County	No verified route record
geonames:5347884	Fellows	Kern County	No verified route record
geonames:5347923	Fenner	San Bernardino County	No verified route record
geonames:5347950	Fern Ann Falls	Los Angeles County	No verified route record
geonames:5347995	Fern Valley	Riverside County	No verified route record
geonames:5348007	Fernbrook	San Diego County	No verified route record
geonames:5348016	Fernwood	Los Angeles County	No verified route record
geonames:5348018	Fernwood Mobile Home Park	Orange County	No verified route record
geonames:5348032	Ferrum	Riverside County	No verified route record
geonames:5348067	Fiesta Shores	San Diego County	No verified route record
geonames:5348094	Fig Orchard	Kern County	No verified route record
geonames:5348320	Firestone Park	Los Angeles County	No verified route record
geonames:5349342	Fishel	San Bernardino County	No verified route record
geonames:5349417	Five Points	Kern County	No verified route record
geonames:5349418	Five Points	Los Angeles County	No verified route record
geonames:5349420	Five Points	San Diego County	No verified route record
geonames:5349446	Fizzben Heights	San Bernardino County	No verified route record
geonames:5349456	Flamingo Heights	San Bernardino County	No verified route record
geonames:5349501	Fleetridge	San Diego County	No verified route record
geonames:5349524	Fleta	Kern County	No verified route record
geonames:5349549	Flinn Springs	San Diego County	No verified route record
geonames:5349579	Florence	Los Angeles County	No verified route record
geonames:5349754	Fondo	Imperial County	No verified route record
geonames:5349755	Fontana	San Bernardino County	No verified route record
geonames:5349802	Foothill Estates	Santa Barbara County	No verified route record
geonames:5349828	Foothill Ranch	Orange County	No verified route record
geonames:5349846	Foothills of San Marcos Mobile Home Park	San Diego County	No verified route record
geonames:5349876	Ford City	Kern County	No verified route record
geonames:5349922	Forest Falls	San Bernardino County	No verified route record
geonames:5349954	Forest Park	Los Angeles County	No verified route record
geonames:5350057	Fort Irwin	San Bernardino County	No verified route record
geonames:5350095	Fort Rosecrans	San Diego County	No verified route record
geonames:5350175	Foster Park	Ventura County	No verified route record
geonames:5350207	Fountain Valley	Orange County	No verified route record
geonames:5350215	Fountain Valley Mobile Home Estates	Orange County	No verified route record
geonames:5350249	Four Corners	San Diego County	No verified route record
geonames:5350271	Four Points	Los Angeles County	No verified route record
geonames:5350423	Frances	Orange County	No verified route record
geonames:5350454	Franciscan Village	Santa Barbara County	No verified route record
geonames:5350605	Frazier Park	Kern County	No verified route record
geonames:5350627	Freda	San Bernardino County	No verified route record
geonames:5350628	Fredalba	San Bernardino County	No verified route record
geonames:5350735	Fremont	San Bernardino County	No verified route record
geonames:5351021	Friendly Hills	Los Angeles County	No verified route record
geonames:5351024	Friendly Hills Manor Mobile Home Park	San Diego County	No verified route record
geonames:5351030	Friendly Village Mobile Home Park	Ventura County	No verified route record
geonames:5351031	Friendly Village of Anaheim	Orange County	No verified route record
geonames:5351063	Frink	Imperial County	No verified route record
geonames:5351130	Fruitdale	San Diego County	No verified route record
geonames:5351157	Frost	San Bernardino County	No verified route record
geonames:5351224	Fuller	Imperial County	No verified route record
geonames:5351225	Fuller Acres	Kern County	No verified route record
geonames:5351240	Fuller Park	Orange County	No verified route record
geonames:5351247	Fullerton	Orange County	No verified route record
geonames:5351280	Fulton Wells	Los Angeles County	No verified route record
geonames:5351353	Gage	Los Angeles County	No verified route record
geonames:5351367	Gale	San Bernardino County	No verified route record
geonames:5351397	Galivan	Orange County	No verified route record
geonames:5351511	Garden Farms	San Luis Obispo County	No verified route record
geonames:5351515	Garden Grove	Orange County	No verified route record
geonames:5351530	Garden Park	San Bernardino County	No verified route record
geonames:5351549	Gardena	Los Angeles County	No verified route record
geonames:5351580	Gardners Trailer Park	Orange County	No verified route record
geonames:5351582	Garey	Santa Barbara County	No verified route record
geonames:5351634	Garlock	Kern County	No verified route record
geonames:5351654	Garnet	Riverside County	No verified route record
geonames:5351660	Garnsey	Los Angeles County	No verified route record
geonames:5351691	Garvanza	Los Angeles County	No verified route record
geonames:5351762	Gato	Santa Barbara County	No verified route record
geonames:5351795	Gavilan Hills	Riverside County	No verified route record
geonames:5351797	Gaviota	Santa Barbara County	No verified route record
geonames:5351848	Gemco	Los Angeles County	No verified route record
geonames:5352207	Gilman Hot Springs	Riverside County	No verified route record
geonames:5352302	Glamis	Imperial County	No verified route record
geonames:5352315	Glassell Park	Los Angeles County	No verified route record
geonames:5352350	Glen Avon	Riverside County	No verified route record
geonames:5352393	Glen Martin	San Bernardino County	No verified route record
geonames:5352397	Glen Oaks	San Diego County	No verified route record
geonames:5352407	Glen Valley	Riverside County	No verified route record
geonames:5352423	Glendale	Los Angeles County	No verified route record
geonames:5352433	Glendale Junction	Los Angeles County	No verified route record
geonames:5352439	Glendora	Los Angeles County	No verified route record
geonames:5352477	Glennville	Kern County	No verified route record
geonames:5352479	Glenoak Hills	Riverside County	No verified route record
geonames:5352483	Glenoaks Country	Riverside County	No verified route record
geonames:5352491	Glenview	Los Angeles County	No verified route record
geonames:5352492	Glenview	San Diego County	No verified route record
geonames:5352549	Gloster	Kern County	No verified route record
geonames:5352656	Goffs	San Bernardino County	No verified route record
geonames:5352661	Goforth Mobile Home Village	Orange County	No verified route record
geonames:5352790	Gold Star Mobile Home	San Diego County	No verified route record
geonames:5352806	Goldcrest Mobile Home Club	Orange County	No verified route record
geonames:5352872	Golden Hill	San Diego County	No verified route record
geonames:5352875	Golden Hills	Kern County	No verified route record
geonames:5352888	Golden Mesa	San Bernardino County	No verified route record
geonames:5352891	Golden Oaks Mobile Estates	Ventura County	No verified route record
geonames:5352892	Golden Oaks Mobile Home Park	Ventura County	No verified route record
geonames:5352928	Golden Valley Acres	San Bernardino County	No verified route record
geonames:5352950	Goldstone	San Bernardino County	No verified route record
geonames:5352956	Goldtree	San Luis Obispo County	No verified route record
geonames:5352962	Goler Heights	Kern County	No verified route record
geonames:5352963	Goleta	Santa Barbara County	No verified route record
geonames:5353021	Good Meadow	Riverside County	No verified route record
geonames:5353058	Good Hope	Riverside County	No verified route record
geonames:5353173	Gorman	Los Angeles County	No verified route record
geonames:5353180	Gosford	Kern County	No verified route record
geonames:5353433	Granada Hills	Los Angeles County	No verified route record
geonames:5353484	Grand Terrace	San Bernardino County	No verified route record
geonames:5353505	Grande Mobile Manor Mobile Home Park	San Luis Obispo County	No verified route record
geonames:5353508	Grandview	San Bernardino County	No verified route record
geonames:5353559	Granite Hills	San Diego County	No verified route record
geonames:5353649	Grant Hill	San Diego County	No verified route record
geonames:5353690	Grantville	San Diego County	No verified route record
geonames:5353705	Grapeland	San Bernardino County	No verified route record
geonames:5353707	Grapevine	Kern County	No verified route record
geonames:5354008	Green Acres	Riverside County	No verified route record
geonames:5354072	Green Lantern Village	Orange County	No verified route record
geonames:5354097	Green Tree Estates Mobile Home Park	San Diego County	No verified route record
geonames:5354104	Green Valley	Los Angeles County	No verified route record
geonames:5354133	Green Valley Lake	San Bernardino County	No verified route record
geonames:5354140	Green Valley Mobile Estates	San Diego County	No verified route record
geonames:5354141	Green Valley Mobile Home Park	San Diego County	No verified route record
geonames:5354157	Greenacres	Kern County	No verified route record
geonames:5354164	Greenbrier Mobile Home Park	San Diego County	No verified route record
geonames:5354166	Greencrest Park Mobile Home Park	San Diego County	No verified route record
geonames:5354171	Greenfield	Kern County	No verified route record
geonames:5354217	Greenleaf Mobile Home Park	Orange County	No verified route record
geonames:5354224	Greensport	San Bernardino County	No verified route record
geonames:5354230	Greentree East	San Bernardino County	No verified route record
geonames:5354252	Greenwich Village	Ventura County	No verified route record
geonames:5354478	Grossmont	San Diego County	No verified route record
geonames:5354552	Grover Beach	San Luis Obispo County	No verified route record
geonames:5354591	Guadalupe	Santa Barbara County	No verified route record
geonames:5354638	Guasti	San Bernardino County	No verified route record
geonames:5354640	Guatay	San Diego County	No verified route record
geonames:5354721	Gum	Santa Barbara County	No verified route record
geonames:5354776	Gypsite	Kern County	No verified route record
geonames:5354819	Hacienda Heights	Los Angeles County	No verified route record
geonames:5354823	Hacienda Mobile Home Park	Orange County	No verified route record
geonames:5354836	Hacienda Village (subdivision)	Los Angeles County	No verified route record
geonames:5354837	Hacienda Village	Los Angeles County	No verified route record
geonames:5354840	Hacienda del Florasol	San Diego County	No verified route record
geonames:5354896	Haines	Ventura County	No verified route record
geonames:5354914	Halcon	Orange County	No verified route record
geonames:5354915	Halcyon	San Luis Obispo County	No verified route record
geonames:5354939	Haleys Trailer Ranch	San Diego County	No verified route record
geonames:5354963	Halfway House	Kern County	No verified route record
geonames:5355020	Halloran Springs	San Bernardino County	No verified route record
geonames:5355165	Hancock Park	Los Angeles County	No verified route record
geonames:5355231	Hansen	Orange County	No verified route record
geonames:5355281	Happy Hill	San Luis Obispo County	No verified route record
geonames:5355310	Happy Valley	Los Angeles County	No verified route record
geonames:5355318	Harbison Canyon	San Diego County	No verified route record
geonames:5355325	Harbor City	Los Angeles County	No verified route record
geonames:5355331	Harbor Hills	Los Angeles County	No verified route record
geonames:5355338	Harbor Mobile Home Park	Orange County	No verified route record
geonames:5355348	Harbor Side	San Diego County	No verified route record
geonames:5355448	Harlem Springs	San Bernardino County	No verified route record
geonames:5355461	Harmony	San Luis Obispo County	No verified route record
geonames:5355463	Harmony Acres	San Bernardino County	No verified route record
geonames:5355468	Harmony Grove	San Diego County	No verified route record
geonames:5355479	Harold, Palmdale	Los Angeles County	No verified route record
geonames:5355507	Harpertown	Kern County	No verified route record
geonames:5355564	Harrison Park	San Diego County	No verified route record
geonames:5355587	Hart	San Bernardino County	No verified route record
geonames:5355635	Harts Place	Kern County	No verified route record
geonames:5355641	Harvard	San Bernardino County	No verified route record
geonames:5355743	Hathaway Place	San Luis Obispo County	No verified route record
geonames:5355764	Havasu Palms	San Bernardino County	No verified route record
geonames:5355782	Hawaiian Gardens	Los Angeles County	No verified route record
geonames:5355787	Hawaiian Village Mobile Home Park	San Diego County	No verified route record
geonames:5355828	Hawthorne	Los Angeles County	No verified route record
geonames:5355862	Hayes	Los Angeles County	No verified route record
geonames:5355880	Hayfield	Riverside County	No verified route record
geonames:5355989	Hazelton	Kern County	No verified route record
geonames:5356044	Heart Bar Campground	San Bernardino County	No verified route record
geonames:5356096	Heber	Imperial County	No verified route record
geonames:5356117	Hector	San Bernardino County	No verified route record
geonames:5356178	Helendale	San Bernardino County	No verified route record
geonames:5356221	Hellhole Palms	San Diego County	No verified route record
geonames:5356277	Hemet	Riverside County	No verified route record
geonames:5356372	Henry	San Luis Obispo County	No verified route record
geonames:5356412	Henshaw	Riverside County	No verified route record
geonames:5356473	Heritage Mobile Home Park	Riverside County	No verified route record
geonames:5356521	Hermosa Beach	Los Angeles County	No verified route record
geonames:5356539	Hermosillo	Los Angeles County	No verified route record
geonames:5356576	Hesperia	San Bernardino County	No verified route record
geonames:5356624	Hewes Park	Orange County	No verified route record
geonames:5356630	Hewitt	Los Angeles County	No verified route record
geonames:5356652	Hi Vista	Los Angeles County	No verified route record
geonames:5356678	Hickson	Los Angeles County	No verified route record
geonames:5356700	Hidden Hills	Los Angeles County	No verified route record
geonames:5356722	Hidden Meadows	San Diego County	No verified route record
geonames:5356731	Hidden River	San Bernardino County	No verified route record
geonames:5356739	Hidden Palms	Riverside County	No verified route record
geonames:5356740	Hidden Springs	Los Angeles County	No verified route record
geonames:5356750	Hidden Vale Mobile Home Park	San Diego County	No verified route record
geonames:5356783	Hideaway Mobile Estates	San Diego County	No verified route record
geonames:5356796	High Acres Haciendas	Riverside County	No verified route record
geonames:5356799	High Country	San Bernardino County	No verified route record
geonames:5356864	Highgrove	Riverside County	No verified route record
geonames:5356868	Highland	San Bernardino County	No verified route record
geonames:5356912	Highland Park	Los Angeles County	No verified route record
geonames:5356923	Highland Plams Mobile Home Park	Riverside County	No verified route record
geonames:5356939	Highland Springs	Riverside County	No verified route record
geonames:5356964	Highlands Mobile Home Park	San Diego County	No verified route record
geonames:5356977	Hights Corner	Kern County	No verified route record
geonames:5356982	Highway Highlands	Los Angeles County	No verified route record
geonames:5357028	Hillcrest	San Diego County	No verified route record
geonames:5357065	Hillgrove	Los Angeles County	No verified route record
geonames:5357089	Hillsdale	San Diego County	No verified route record
geonames:5357187	Hinda	Riverside County	No verified route record
geonames:5357198	Hinkley	San Bernardino County	No verified route record
geonames:5357249	Hobart	Los Angeles County	No verified route record
geonames:5357284	Hodge	San Bernardino County	No verified route record
geonames:5357412	Holcomb Village	San Diego County	No verified route record
geonames:5357444	Holiday Home Mobile Home Park	San Diego County	No verified route record
geonames:5357477	Hollis	Kern County	No verified route record
geonames:5357519	Hollydale	Los Angeles County	No verified route record
geonames:5357527	Hollywood	Los Angeles County	No verified route record
geonames:5357528	Hollywood Beach	Ventura County	No verified route record
geonames:5357553	Hollywood Riviera	Los Angeles County	No verified route record
geonames:5357557	Hollywood by the Sea	Ventura County	No verified route record
geonames:5357598	Holtville	Imperial County	No verified route record
geonames:5357731	Home Gardens	Riverside County	No verified route record
geonames:5357736	Home Junction	Los Angeles County	No verified route record
geonames:5357755	Homeland	Riverside County	No verified route record
geonames:5357759	Homelands	San Diego County	No verified route record
geonames:5357760	Homer	San Bernardino County	No verified route record
geonames:5357792	Honby	Los Angeles County	No verified route record
geonames:5357799	Honda	Santa Barbara County	No verified route record
geonames:5357889	Hoosier Trailer Court	Orange County	No verified route record
geonames:5357953	Hope Ranch	Santa Barbara County	No verified route record
geonames:5358362	Houze Place	San Bernardino County	No verified route record
geonames:5358363	Hovley	Imperial County	No verified route record
geonames:5358427	Howell Place	Ventura County	No verified route record
geonames:5358445	Huasna	San Luis Obispo County	No verified route record
geonames:5358466	Hubert Place	San Luis Obispo County	No verified route record
geonames:5358553	Hulburd Grove	San Diego County	No verified route record
geonames:5358612	Humphreys	Los Angeles County	No verified route record
geonames:5358705	Huntington Beach	Orange County	No verified route record
geonames:5358720	Huntington Harbor Mobile Home Park	Orange County	No verified route record
geonames:5358722	Huntington Harbour	Orange County	No verified route record
geonames:5358734	Huntington Mobile Home Estates	Orange County	No verified route record
geonames:5358736	Huntington Park	Los Angeles County	No verified route record
geonames:5358746	Huntington Shorecliffs Mobile Home Park	Orange County	No verified route record
geonames:5358800	Hutt	San Bernardino County	No verified route record
geonames:5358813	Hyde Park	Los Angeles County	No verified route record
geonames:5358819	Hyde Park Mobile Home Estates	Orange County	No verified route record
geonames:5358847	Ibis	San Bernardino County	No verified route record
geonames:5358901	Idyllwild	Riverside County	No verified route record
geonames:5359000	Ilmon	Kern County	No verified route record
geonames:5359052	Imperial	Imperial County	No verified route record
geonames:5359054	Imperial Beach	San Diego County	No verified route record
geonames:5359074	Imperial Courts	Los Angeles County	No verified route record
geonames:5359080	Imperial Escondido Estates Mobile Home Park	San Diego County	No verified route record
geonames:5359118	Inca	Riverside County	No verified route record
geonames:5359120	Inceville	Los Angeles County	No verified route record
geonames:5359324	Indian Oaks	Riverside County	No verified route record
geonames:5359383	Indian Springs	Los Angeles County	No verified route record
geonames:5359387	Indian Springs	San Diego County	No verified route record
geonames:5359425	Indian Wells	Kern County	No verified route record
geonames:5359426	Indian Wells	Riverside County	No verified route record
geonames:5359433	Indian Wells Mobile Home Park	Riverside County	No verified route record
geonames:5359446	Indio	Riverside County	No verified route record
geonames:5359453	Indio Hills	Riverside County	No verified route record
geonames:5359463	Industry	Los Angeles County	No verified route record
geonames:5359488	Inglewood	Los Angeles County	No verified route record
geonames:5359537	Inperial Gables	Imperial County	No verified route record
geonames:5359623	Inyokern	Kern County	No verified route record
geonames:5359667	Iremel	Santa Barbara County	No verified route record
geonames:5359671	Iris	Imperial County	No verified route record
geonames:5359693	Irma	Santa Barbara County	No verified route record
geonames:5359769	Ironsides	Los Angeles County	No verified route record
geonames:5359777	Irvine	Orange County	No verified route record
geonames:5359805	Irvings Crest	San Diego County	No verified route record
geonames:5359815	Irwin Estates	San Bernardino County	No verified route record
geonames:5359817	Irwindale	Los Angeles County	No verified route record
geonames:5359864	Isla Vista	Santa Barbara County	No verified route record
geonames:5359899	Island View Trailer Park	Orange County	No verified route record
geonames:5359967	Ivanpah	San Bernardino County	No verified route record
geonames:5359994	Ivy del Mobile Home Park	San Diego County	No verified route record
geonames:5360279	Jacumba Hot Springs	San Diego County	No verified route record
geonames:5360295	Jalama	Santa Barbara County	No verified route record
geonames:5360304	Jamacha Junction	San Diego County	No verified route record
geonames:5360306	Jamacha	San Diego County	No verified route record
geonames:5360403	Jamul	San Diego County	No verified route record
geonames:5360408	Jamul Indian Village	San Diego County	No verified route record
geonames:5360459	Jasmin	Kern County	No verified route record
geonames:5360470	Jastro	Kern County	No verified route record
geonames:5360472	Java	San Bernardino County	No verified route record
geonames:5360529	Jefferson	Los Angeles County	No verified route record
geonames:5360565	Jefferson Park	Los Angeles County	No verified route record
geonames:5360682	Jesmond Dene	San Diego County	No verified route record
geonames:5360762	Jimgrey	San Bernardino County	No verified route record
geonames:5360819	Jofegan	San Diego County	No verified route record
geonames:5360822	Johannesburg	Kern County	No verified route record
geonames:5361032	Johnson Corner	Los Angeles County	No verified route record
geonames:5361117	Johnstons Corner	San Bernardino County	No verified route record
geonames:5361118	Johnstown	San Diego County	No verified route record
geonames:5361161	Jonata Park	Santa Barbara County	No verified route record
geonames:5361220	Jordan Downs	Los Angeles County	No verified route record
geonames:5361283	Joshua	San Bernardino County	No verified route record
geonames:5361298	Joshua Tree	San Bernardino County	No verified route record
geonames:5361329	Juan	San Bernardino County	No verified route record
geonames:5361384	Julian	San Diego County	No verified route record
geonames:5361432	Junction Camp	Santa Barbara County	No verified route record
geonames:5361484	Juniper Hills	Los Angeles County	No verified route record
geonames:5361501	Juniper Springs	Riverside County	No verified route record
geonames:5362431	Kaiser	San Bernardino County	No verified route record
geonames:5362500	Kane Spring	Imperial County	No verified route record
geonames:5362535	Katella Mobile Home Estates	Orange County	No verified route record
geonames:5362545	Kathryn	Orange County	No verified route record
geonames:5362570	Kayandee	Kern County	No verified route record
geonames:5362599	Kecks Corner	Kern County	No verified route record
geonames:5362618	Keenbrook	San Bernardino County	No verified route record
geonames:5362619	Keene	Kern County	No verified route record
geonames:5362633	Keith	Ventura County	No verified route record
geonames:5362755	Ken Mar Gardens Mobile Home Park	San Luis Obispo County	No verified route record
geonames:5362852	Kensington Gardens	Orange County	No verified route record
geonames:5362865	Kenton Mill	San Bernardino County	No verified route record
geonames:5362883	Kentwood-In-The-Pines	San Diego County	No verified route record
geonames:5362921	Kern	Kern County	No verified route record
geonames:5362930	Kern City	Kern County	No verified route record
geonames:5362961	Kern Lake	Kern County	No verified route record
geonames:5362994	Kernville	Kern County	No verified route record
geonames:5363013	Kernell	Kern County	No verified route record
geonames:5363024	Kester	Los Angeles County	No verified route record
geonames:5363053	Kevet	Ventura County	No verified route record
geonames:5363065	Keyesville	Kern County	No verified route record
geonames:5363083	Keystone	Los Angeles County	No verified route record
geonames:5363146	Kilowatt	Kern County	No verified route record
geonames:5363152	Kimball	Ventura County	No verified route record
geonames:5363172	Kimberly Gardens Mobile Home Park	Orange County	No verified route record
geonames:5363183	Kincaid	Los Angeles County	No verified route record
geonames:5363465	Kinneloa Mesa	Los Angeles County	No verified route record
geonames:5363561	Klau	San Luis Obispo County	No verified route record
geonames:5363571	Klinefelter	San Bernardino County	No verified route record
geonames:5363578	Klondike	San Bernardino County	No verified route record
geonames:5363696	Kona Kai Mobile Home Park	Orange County	No verified route record
geonames:5363748	Koreatown	Los Angeles County	No verified route record
geonames:5363762	Kramer	San Bernardino County	No verified route record
geonames:5363767	Kramer Hills	San Bernardino County	No verified route record
geonames:5363768	Kramer Junction	San Bernardino County	No verified route record
geonames:5363846	La Belle Fontane Estates	Orange County	No verified route record
geonames:5363848	La Bolsa	Orange County	No verified route record
geonames:5363859	La Canada Flintridge	Los Angeles County	No verified route record
geonames:5363880	La Costa	San Diego County	No verified route record
geonames:5363887	La Crescenta	Los Angeles County	No verified route record
geonames:5363890	La Cresta	Riverside County	No verified route record
geonames:5363891	La Cresta	San Diego County	No verified route record
geonames:5363892	La Cresta Highlands	Riverside County	No verified route record
geonames:5363896	La Cuesta Fontana	San Bernardino County	No verified route record
geonames:5363901	La Delta	San Bernardino County	No verified route record
geonames:5363907	La Fetra	Los Angeles County	No verified route record
geonames:5363911	La Fresa	Los Angeles County	No verified route record
geonames:5363922	La Habra	Orange County	No verified route record
geonames:5363925	La Habra Heights	Los Angeles County	No verified route record
geonames:5363942	La Jolla	Orange County	No verified route record
geonames:5363943	La Jolla	San Diego County	No verified route record
geonames:5363944	La Jolla Amago	San Diego County	No verified route record
geonames:5363951	La Jolla Hermosa	San Diego County	No verified route record
geonames:5363964	La Jolla Shores	San Diego County	No verified route record
geonames:5363984	La Maria Mobile Home Park	Santa Barbara County	No verified route record
geonames:5363990	La Mesa	San Diego County	No verified route record
geonames:5364007	La Mirada	Los Angeles County	No verified route record
geonames:5364021	La Paco	Los Angeles County	No verified route record
geonames:5364022	La Palma	Orange County	No verified route record
geonames:5364030	La Paloma	Orange County	No verified route record
geonames:5364034	La Panza	San Luis Obispo County	No verified route record
geonames:5364038	La Patera	Santa Barbara County	No verified route record
geonames:5364046	La Playa	San Diego County	No verified route record
geonames:5364059	La Presa	San Diego County	No verified route record
geonames:5364066	La Puente	Los Angeles County	No verified route record
geonames:5364078	La Quinta	Los Angeles County	No verified route record
geonames:5364079	La Quinta	Riverside County	No verified route record
geonames:5364109	La Sierra	Riverside County	No verified route record
geonames:5364112	La Salle	Santa Barbara County	No verified route record
geonames:5364115	La Sierra Heights	Riverside County	No verified route record
geonames:5364134	La Verne	Los Angeles County	No verified route record
geonames:5364157	LaMoree Mobile Estates	San Diego County	No verified route record
geonames:5364172	Lackey Place	Kern County	No verified route record
geonames:5364195	Ladera Heights	Los Angeles County	No verified route record
geonames:5364199	Ladera Ranch	Orange County	No verified route record
geonames:5364256	Lagol	Ventura County	No verified route record
geonames:5364270	Laguna	Los Angeles County	No verified route record
geonames:5364275	Laguna Beach	Orange County	No verified route record
geonames:5364306	Laguna Hills	Orange County	No verified route record
geonames:5364309	Laguna Hills Mobile Home Estates	Orange County	No verified route record
geonames:5364315	Laguna Junction	San Diego County	No verified route record
geonames:5364329	Laguna Niguel	Orange County	No verified route record
geonames:5364367	Laguna Vista Trailer Park	San Diego County	No verified route record
geonames:5364369	Laguna Woods	Orange County	No verified route record
geonames:5364374	Laguna Terace Mobile Home Park	Orange County	No verified route record
geonames:5364399	Lairport	Los Angeles County	No verified route record
geonames:5364414	Lake Arrowhead	San Bernardino County	No verified route record
geonames:5364428	Lake Bernardo Estates Mobile Home Park	San Diego County	No verified route record
geonames:5364492	Lake Crest Estates	Riverside County	No verified route record
geonames:5364499	Lake Elsinore	Riverside County	No verified route record
geonames:5364514	Lake Forest	Orange County	No verified route record
geonames:5364549	Lake Hughes	Los Angeles County	No verified route record
geonames:5364554	Lake Isabella	Kern County	No verified route record
geonames:5364571	Lake Los Angeles	Los Angeles County	No verified route record
geonames:5364615	Lake Nacimiento	San Luis Obispo County	No verified route record
geonames:5364634	Lake Park Santa Ana	Orange County	No verified route record
geonames:5364663	Lake San Marcos	San Diego County	No verified route record
geonames:5364692	Lake Tamarisk	Riverside County	No verified route record
geonames:5364723	Lake View Terrace	Los Angeles County	No verified route record
geonames:5364724	Lake Village	Riverside County	No verified route record
geonames:5364742	Lake of the Woods	Kern County	No verified route record
geonames:5364750	Lakeland Village	Riverside County	No verified route record
geonames:5364782	Lakeside	San Diego County	No verified route record
geonames:5364798	Lakeside Farms	San Diego County	No verified route record
geonames:5364811	Lakeside Park	Los Angeles County	No verified route record
geonames:5364823	Lakeview	Kern County	No verified route record
geonames:5364824	Lakeview	Los Angeles County	No verified route record
geonames:5364826	Lakeview	Riverside County	No verified route record
geonames:5364827	Lakeview	San Diego County	No verified route record
geonames:5364837	Lakeview Hot Springs	Riverside County	No verified route record
geonames:5364842	Lakeview Mobile Home Park	Kern County	No verified route record
geonames:5364855	Lakewood	Los Angeles County	No verified route record
geonames:5364881	Lamanda Park	Los Angeles County	No verified route record
geonames:5364916	Lamont	Kern County	No verified route record
geonames:5364927	Lamplighter Mobile Home Park	Ventura County	No verified route record
geonames:5364936	Lanaki Lane Mobile Home Park	San Diego County	No verified route record
geonames:5364940	Lancaster	Los Angeles County	No verified route record
geonames:5364963	Landco	Kern County	No verified route record
geonames:5364967	Landers	San Bernardino County	No verified route record
geonames:5365025	Lanfair	San Bernardino County	No verified route record
geonames:5365028	Lang	Los Angeles County	No verified route record
geonames:5365090	Largo Vista	Los Angeles County	No verified route record
geonames:5365167	Las Cruces	Santa Barbara County	No verified route record
geonames:5365171	Las Flores	Los Angeles County	No verified route record
geonames:5365172	Las Flores	Orange County	No verified route record
geonames:5365173	Las Flores	San Diego County	No verified route record
geonames:5365175	Las Cantilles	Los Angeles County	No verified route record
geonames:5365202	Las Lomas	Los Angeles County	No verified route record
geonames:5365590	Lavic	San Bernardino County	No verified route record
geonames:5365603	Lawndale	Los Angeles County	No verified route record
geonames:5365628	Lawrence Welk Resort Village	San Diego County	No verified route record
geonames:5365741	Lebec	Kern County	No verified route record
geonames:5365804	Leesdale	Ventura County	No verified route record
geonames:5365814	Leffingwell	Los Angeles County	No verified route record
geonames:5365847	Leimert	San Luis Obispo County	No verified route record
geonames:5365849	Leimert Park	Los Angeles County	No verified route record
geonames:5365855	Leisure Village	Ventura County	No verified route record
geonames:5365857	Leisure World	Orange County	No verified route record
geonames:5365893	Lemon Grove	San Diego County	No verified route record
geonames:5365905	Lemon Heights	Orange County	No verified route record
geonames:5365911	Lemona	Riverside County	No verified route record
geonames:5365937	Lennox	Los Angeles County	No verified route record
geonames:5365942	Lento	Santa Barbara County	No verified route record
geonames:5365945	Lenwood	San Bernardino County	No verified route record
geonames:5365960	Leon	San Bernardino County	No verified route record
geonames:5365976	Leona Valley	Los Angeles County	No verified route record
geonames:5365999	Lerdo	Kern County	No verified route record
geonames:5366033	Leucadia	San Diego County	No verified route record
geonames:5366156	Liberty Mobile Home Court	Orange County	No verified route record
geonames:5366159	Liberty Park	Orange County	No verified route record
geonames:5366195	Lido Isle	Orange County	No verified route record
geonames:5366268	Lilac	San Diego County	No verified route record
geonames:5366372	Limon	Ventura County	No verified route record
geonames:5366373	Limoneira	Ventura County	No verified route record
geonames:5366377	Lincoln Acres	San Diego County	No verified route record
geonames:5366392	Lincoln Center Mobile Home Park	Orange County	No verified route record
geonames:5366397	Lincoln Crest	Los Angeles County	No verified route record
geonames:5366439	Lincoln Heights	Los Angeles County	No verified route record
geonames:5366476	Lincoln Park	San Diego County	No verified route record
geonames:5366533	Lincoln Village	Los Angeles County	No verified route record
geonames:5366544	Linda Rose	Riverside County	No verified route record
geonames:5366547	Linda Vista	Los Angeles County	No verified route record
geonames:5366548	Linda Vista	San Diego County	No verified route record
geonames:5366641	Linne	San Luis Obispo County	No verified route record
geonames:5367056	Little Morongo Heights	San Bernardino County	No verified route record
geonames:5367260	Little Tokyo	Los Angeles County	No verified route record
geonames:5367308	Littlerock	Los Angeles County	No verified route record
geonames:5367316	Live Oak Acres	Ventura County	No verified route record
geonames:5367379	Live Oak Springs	San Diego County	No verified route record
geonames:5367455	Llano	Los Angeles County	No verified route record
geonames:5367525	Lockhart	San Bernardino County	No verified route record
geonames:5367572	Lodge Hill	San Luis Obispo County	No verified route record
geonames:5367636	Logan Heights	San Diego County	No verified route record
geonames:5367673	Lokern	Kern County	No verified route record
geonames:5367696	Loma Linda	San Bernardino County	No verified route record
geonames:5367715	Loma Portal	San Diego County	No verified route record
geonames:5367767	Lomita	Los Angeles County	No verified route record
geonames:5367768	Lomita	San Diego County	No verified route record
geonames:5367788	Lompoc	Santa Barbara County	No verified route record
geonames:5367813	Lompoc Village	Santa Barbara County	No verified route record
geonames:5367828	Lone Hill Manor Mobile Home Park	Los Angeles County	No verified route record
geonames:5367914	Lone Wolf Colony	San Bernardino County	No verified route record
geonames:5367929	Long Beach	Los Angeles County	No verified route record
geonames:5368180	Longview	Los Angeles County	No verified route record
geonames:5368189	Lonsmith	Kern County	No verified route record
geonames:5368274	Loraine	Kern County	No verified route record
geonames:5368304	Los Alamitos	Orange County	No verified route record
geonames:5368312	Los Alamitos Junction	Orange County	No verified route record
geonames:5368321	Los Alamos	Santa Barbara County	No verified route record
geonames:5368333	Los Alisos Mobile Home Estates	Orange County	No verified route record
geonames:5368334	Los Altos	Los Angeles County	No verified route record
geonames:5368361	Los Angeles	Los Angeles County	No verified route record
geonames:5368474	Los Berros	San Luis Obispo County	No verified route record
geonames:5368549	Los Nietos	Los Angeles County	No verified route record
geonames:5368551	Los Nietos Junction	Los Angeles County	No verified route record
geonames:5368559	Los Olivos	Santa Barbara County	No verified route record
geonames:5368560	Los Olivos	San Bernardino County	No verified route record
geonames:5368565	Los Osos	San Luis Obispo County	No verified route record
geonames:5368604	Los Ranchitos	Riverside County	No verified route record
geonames:5368611	Los Robles Mobile Home Park	Orange County	No verified route record
geonames:5368618	Los Serranos	San Bernardino County	No verified route record
geonames:5368621	Los Terrenitos	San Diego County	No verified route record
geonames:5368625	Los Tules	San Diego County	No verified route record
geonames:5368676	Lost Hills	Kern County	No verified route record
geonames:5369150	Lucerne Valley	San Bernardino County	No verified route record
geonames:5369217	Ludlow	San Bernardino County	No verified route record
geonames:5369221	Lugo	San Bernardino County	No verified route record
geonames:5369229	Lugonia Homes	San Bernardino County	No verified route record
geonames:5369367	Lynwood	Los Angeles County	No verified route record
geonames:5369374	Lynwood Gardens	Los Angeles County	No verified route record
geonames:5369377	Lynwood Hills	San Diego County	No verified route record
geonames:5369413	Lytle Creek	San Bernardino County	No verified route record
geonames:5369545	Macomber Palms	Riverside County	No verified route record
geonames:5369657	Madrid Manor Mobile Home Park	San Diego County	No verified route record
geonames:5369721	Magnolia Avenue	Riverside County	No verified route record
geonames:5369742	Magnolia Park	Los Angeles County	No verified route record
geonames:5369762	Magunden	Kern County	No verified route record
geonames:5369777	Mahoney Trailer Park	Riverside County	No verified route record
geonames:5369778	Mahou Riviera	Los Angeles County	No verified route record
geonames:5369906	Malibu	Los Angeles County	No verified route record
geonames:5369909	Malibu Beach	Los Angeles County	No verified route record
geonames:5369913	Malibu Bowl	Los Angeles County	No verified route record
geonames:5369920	Malibu Hills	Los Angeles County	No verified route record
geonames:5369921	Malibu Junction	Los Angeles County	No verified route record
geonames:5369934	Malibu Vista	Los Angeles County	No verified route record
geonames:5369935	Malibu West	Los Angeles County	No verified route record
geonames:5369976	Maltha	Kern County	No verified route record
geonames:5370082	Manhattan Beach	Los Angeles County	No verified route record
geonames:5370107	Manix	San Bernardino County	No verified route record
geonames:5370206	Manzanita	San Diego County	No verified route record
geonames:5370291	Mar Vista	Los Angeles County	No verified route record
geonames:5370297	Mar Vista Houses	Los Angeles County	No verified route record
geonames:5370312	Maravilla	Los Angeles County	No verified route record
geonames:5370313	Maravilla Housing Project	Los Angeles County	No verified route record
geonames:5370360	March Field	Riverside County	No verified route record
geonames:5370375	Marcel	Kern County	No verified route record
geonames:5370437	Mariana Ranchos	San Bernardino County	No verified route record
geonames:5370440	Maricopa	Kern County	No verified route record
geonames:5370497	Marigold	San Bernardino County	No verified route record
geonames:5370542	Marina del Rey	Los Angeles County	No verified route record
geonames:5370555	Marine Terrace	San Luis Obispo County	No verified route record
geonames:5370699	Marlboro	Orange County	No verified route record
geonames:5370714	Marne	Los Angeles County	No verified route record
geonames:5370726	Mars	San Bernardino County	No verified route record
geonames:5370869	Martinez	Riverside County	No verified route record
geonames:5370887	Martinez Place	San Luis Obispo County	No verified route record
geonames:5370901	Martins	Los Angeles County	No verified route record
geonames:5371090	Matilija	Ventura County	No verified route record
geonames:5371098	Matilija Springs	Ventura County	No verified route record
geonames:5371153	Maxson	Los Angeles County	No verified route record
geonames:5371186	May	Riverside County	No verified route record
geonames:5371215	Mayfair	Kern County	No verified route record
geonames:5371243	Mayflower Village	Los Angeles County	No verified route record
geonames:5371261	Maywood	Los Angeles County	No verified route record
geonames:5371333	McCampbell	Los Angeles County	No verified route record
geonames:5371530	McFarland	Kern County	No verified route record
geonames:5371633	McKay	San Luis Obispo County	No verified route record
geonames:5371732	McKittrick	Kern County	No verified route record
geonames:5371807	McNeil	Los Angeles County	No verified route record
geonames:5371817	McPherson	Orange County	No verified route record
geonames:5371858	Mead Valley	Riverside County	No verified route record
geonames:5371912	Meadowbrook Mobile Home Park	San Diego County	No verified route record
geonames:5371917	Meadowbrook Woods	San Bernardino County	No verified route record
geonames:5371923	Meadowlark Mobile Home Estates	Orange County	No verified route record
geonames:5371965	Mecca	Riverside County	No verified route record
geonames:5372024	Meiners Oaks	Ventura County	No verified route record
geonames:5372028	Meiners Oaks Trailer Park	Ventura County	No verified route record
geonames:5372052	Meloland	Imperial County	No verified route record
geonames:5372205	Menifee	Riverside County	No verified route record
geonames:5372207	Menifee Lakes	Riverside County	No verified route record
geonames:5372242	Mentone	San Bernardino County	No verified route record
geonames:5372317	Meridian	Kern County	No verified route record
geonames:5372399	Mesa Grande	San Diego County	No verified route record
geonames:5372416	Mesa Oaks	Santa Barbara County	No verified route record
geonames:5372433	Mesa Verde	Riverside County	No verified route record
geonames:5372455	Mesaville	Riverside County	No verified route record
geonames:5372468	Mesquite	Imperial County	No verified route record
geonames:5372490	Mesquite Oasis	San Diego County	No verified route record
geonames:5372576	Mettler	Kern County	No verified route record
geonames:5372583	Mexican Colony	Kern County	No verified route record
geonames:5372634	Micaflores	Orange County	No verified route record
geonames:5372671	Midco	Santa Barbara County	No verified route record
geonames:5372859	Midland	Riverside County	No verified route record
geonames:5372867	Midoil	Kern County	No verified route record
geonames:5372877	Midway	San Bernardino County	No verified route record
geonames:5372902	Midway City	Orange County	No verified route record
geonames:5372950	Mile High	Los Angeles County	No verified route record
geonames:5372954	Miles	San Luis Obispo County	No verified route record
geonames:5373176	Miller Farms	Riverside County	No verified route record
geonames:5373239	Millersville	Kern County	No verified route record
geonames:5373255	Milligan	San Bernardino County	No verified route record
geonames:5373317	Millux	Kern County	No verified route record
geonames:5373456	Minnelusa	San Bernardino County	No verified route record
geonames:5373463	Minneola	San Bernardino County	No verified route record
geonames:5373478	Mint Canyon	Los Angeles County	No verified route record
geonames:5373483	Minter Village	Kern County	No verified route record
geonames:5373492	Jurupa Valley	Riverside County	No verified route record
geonames:5373497	Mira Mesa	San Diego County	No verified route record
geonames:5373504	Mira Monte	Ventura County	No verified route record
geonames:5373523	Miracle Hot Springs	Kern County	No verified route record
geonames:5373536	Miraleste	Los Angeles County	No verified route record
geonames:5373539	Miramar	San Diego County	No verified route record
geonames:5373590	Mission	Los Angeles County	No verified route record
geonames:5373591	Mission	Santa Barbara County	No verified route record
geonames:5373606	Mission Beach	San Diego County	No verified route record
geonames:5373614	Mission Canyon	Santa Barbara County	No verified route record
geonames:5373642	Mission Gorge Villa Mobile Home Park	San Diego County	No verified route record
geonames:5373648	Mission Hills	Los Angeles County	No verified route record
geonames:5373649	Mission Hills	San Diego County	No verified route record
geonames:5373650	Mission Hills	Santa Barbara County	No verified route record
geonames:5373657	Mission Hills Mobile Home Park	Riverside County	No verified route record
geonames:5373669	Mission Junction	Los Angeles County	No verified route record
geonames:5373763	Mission Viejo	Orange County	No verified route record
geonames:5373780	Mission del Magnolia Mobile Home Park	San Diego County	No verified route record
geonames:5373808	Missouri Triangle	Kern County	No verified route record
geonames:5373868	Mitchells Corner	Kern County	No verified route record
geonames:5373871	Mobile Haven Mobile Home Park	San Diego County	No verified route record
geonames:5373872	Mobile Park West Mobile Home Park	San Diego County	No verified route record
geonames:5373923	Modjeska	Orange County	No verified route record
geonames:5373965	Mojave	Kern County	No verified route record
geonames:5373967	Mojave Base	San Bernardino County	No verified route record
geonames:5373975	Mojave Heights	San Bernardino County	No verified route record
geonames:5374019	Molino	San Bernardino County	No verified route record
geonames:5374045	Monaco	Los Angeles County	No verified route record
geonames:5374064	Moneta	Los Angeles County	No verified route record
geonames:5374135	Monolith	Kern County	No verified route record
geonames:5374175	Monrovia	Los Angeles County	No verified route record
geonames:5374184	Mons	Riverside County	No verified route record
geonames:5374215	Montalvo	Ventura County	No verified route record
geonames:5374232	Montclair	San Bernardino County	No verified route record
geonames:5374273	Monte Nido	Los Angeles County	No verified route record
geonames:5374322	Montebello	Los Angeles County	No verified route record
geonames:5374340	Montecito	Santa Barbara County	No verified route record
geonames:5374406	Monterey Park	Los Angeles County	No verified route record
geonames:5374437	Montesilla Mobile Home Club	Orange County	No verified route record
geonames:5374519	Montrose	Los Angeles County	No verified route record
geonames:5374554	Moody	Orange County	No verified route record
geonames:5374580	Moonglow Mobile Home Park	San Diego County	No verified route record
geonames:5374585	Moonlight Rim	Riverside County	No verified route record
geonames:5374588	Moonridge	San Bernardino County	No verified route record
geonames:5374603	Moore	San Bernardino County	No verified route record
geonames:5374648	Moorpark	Ventura County	No verified route record
geonames:5374654	Moorpark Home Acres	Ventura County	No verified route record
geonames:5374704	Moreland Mill	Kern County	No verified route record
geonames:5374710	Morena	San Diego County	No verified route record
geonames:5374720	Moreno	Riverside County	No verified route record
geonames:5374721	Moreno	San Diego County	No verified route record
geonames:5374724	Morena Village	San Diego County	No verified route record
geonames:5374730	Moreno Knolls	Riverside County	No verified route record
geonames:5374732	Moreno Valley	Riverside County	No verified route record
geonames:5374750	Morettis Junction	San Diego County	No verified route record
geonames:5374851	Morningside Park	Los Angeles County	No verified route record
geonames:5374871	Morongo Valley	San Bernardino County	No verified route record
geonames:5374920	Morro Bay	San Luis Obispo County	No verified route record
geonames:5374967	Mortmar	Riverside County	No verified route record
geonames:5374968	Morton	Los Angeles County	No verified route record
geonames:5374970	Mortero Palms	San Diego County	No verified route record
geonames:5375031	Moss	Imperial County	No verified route record
geonames:5375116	Mount Baldy	San Bernardino County	No verified route record
geonames:5375184	Mount Helix	San Diego County	No verified route record
geonames:5375197	Mount Hope	San Diego County	No verified route record
geonames:5375204	Mt Laguna	San Diego County	No verified route record
geonames:5375286	Mount Signal	Imperial County	No verified route record
geonames:5375335	Mount Washington	Los Angeles County	No verified route record
geonames:5375346	Mount Wilson	Los Angeles County	No verified route record
geonames:5375382	Mountain Center	Riverside County	No verified route record
geonames:5375404	Mountain Home Village	San Bernardino County	No verified route record
geonames:5375426	Mountain Mesa	Kern County	No verified route record
geonames:5375435	Mountain Pass	San Bernardino County	No verified route record
geonames:5375471	Mountain Top Junction	San Bernardino County	No verified route record
geonames:5375479	Mountain View	San Bernardino County	No verified route record
geonames:5375481	Mountain View	San Diego County	No verified route record
geonames:5375482	Mountain View Acres	San Bernardino County	No verified route record
geonames:5375523	Mountain View Mobile Estates	San Diego County	No verified route record
geonames:5375567	Mountclef Village	Ventura County	No verified route record
geonames:5375781	Mundo	Imperial County	No verified route record
geonames:5375804	Munyon	Imperial County	No verified route record
geonames:5375911	Murrieta	Riverside County	No verified route record
geonames:5375916	Murrieta Hot Springs	Riverside County	No verified route record
geonames:5375932	Muscle Shoals	Ventura County	No verified route record
geonames:5375938	Muscoy	San Bernardino County	No verified route record
geonames:5376024	Myford	Orange County	No verified route record
geonames:5376035	Myricks Corner	Kern County	No verified route record
geonames:5376072	Nadeau	Los Angeles County	No verified route record
geonames:5376133	Naples	Los Angeles County	No verified route record
geonames:5376134	Naples	Santa Barbara County	No verified route record
geonames:5376155	Narlon	Santa Barbara County	No verified route record
geonames:5376157	Narod	San Bernardino County	No verified route record
geonames:5376200	National City	San Diego County	No verified route record
geonames:5376252	Naud Junction	Los Angeles County	No verified route record
geonames:5376291	Naylor Place	Los Angeles County	No verified route record
geonames:5376304	Nealeys Corner	San Bernardino County	No verified route record
geonames:5376314	Nebo	San Bernardino County	No verified route record
geonames:5376358	Needles	San Bernardino County	No verified route record
geonames:5376365	Neff	Orange County	No verified route record
geonames:5376487	Nestor	San Diego County	No verified route record
geonames:5376497	Neufeld	Kern County	No verified route record
geonames:5376500	Nevada	San Bernardino County	No verified route record
geonames:5376530	Nevin	Los Angeles County	No verified route record
geonames:5376574	Chinatown	Los Angeles County	No verified route record
geonames:5376602	New Dunn	San Bernardino County	No verified route record
geonames:5376618	New Frontier Mobile Home Park	San Diego County	No verified route record
geonames:5376728	New Cuyama	Santa Barbara County	No verified route record
geonames:5376820	Newberry Springs	San Bernardino County	No verified route record
geonames:5376824	Newbury Park	Ventura County	No verified route record
geonames:5376850	Newhall	Los Angeles County	No verified route record
geonames:5376890	Newport Beach	Orange County	No verified route record
geonames:5376902	Newport Heights	Orange County	No verified route record
geonames:5376906	Newport Marina Mobile Home Park	Orange County	No verified route record
geonames:5376910	Newport Terrace Mobile Home Park	Orange County	No verified route record
geonames:5376918	Newsom Springs	San Luis Obispo County	No verified route record
geonames:5376930	Newton Park	Los Angeles County	No verified route record
geonames:5376993	Nickerson Gardens	Los Angeles County	No verified route record
geonames:5376996	Nicklin	Riverside County	No verified route record
geonames:5377032	Niland	Imperial County	No verified route record
geonames:5377084	Ninetynine Oaks	Los Angeles County	No verified route record
geonames:5377095	Ninth Street Junction	Los Angeles County	No verified route record
geonames:5377100	Nipomo	San Luis Obispo County	No verified route record
geonames:5377117	Nipton	San Bernardino County	No verified route record
geonames:5377199	Norco	Riverside County	No verified route record
geonames:5377224	Normal Heights	San Diego County	No verified route record
geonames:5377272	North Barstow	San Bernardino County	No verified route record
geonames:5377277	North Bay Terraces	San Diego County	No verified route record
geonames:5377290	North Belridge	Kern County	No verified route record
geonames:5377341	North Clairemont	San Diego County	No verified route record
geonames:5377380	North Edwards	Kern County	No verified route record
geonames:5377381	North El Monte	Los Angeles County	No verified route record
geonames:5377383	North Elsinore	Riverside County	No verified route record
geonames:5377392	North Fillmore	Ventura County	No verified route record
geonames:5377393	North Fontana	San Bernardino County	No verified route record
geonames:5377398	North Cucamonga	San Bernardino County	No verified route record
geonames:5377613	North Glendale	Los Angeles County	No verified route record
geonames:5377639	North Highland Park	Los Angeles County	No verified route record
geonames:5377654	North Hollywood	Los Angeles County	No verified route record
geonames:5377663	North Jamul	San Diego County	No verified route record
geonames:5377680	North Loma Linda	San Bernardino County	No verified route record
geonames:5377681	North Long Beach	Los Angeles County	No verified route record
geonames:5377708	North Norton	San Bernardino County	No verified route record
geonames:5377716	North Ontario	San Bernardino County	No verified route record
geonames:5377722	North Palm Springs	Riverside County	No verified route record
geonames:5377730	North Park	San Diego County	No verified route record
geonames:5377761	North Pomona	Los Angeles County	No verified route record
geonames:5377764	North Ranch	Ventura County	No verified route record
geonames:5377799	North Santa Maria	Santa Barbara County	No verified route record
geonames:5377805	North Shafter	Kern County	No verified route record
geonames:5377806	North Sherman Way	Los Angeles County	No verified route record
geonames:5377824	North Shore	San Bernardino County	No verified route record
geonames:5377839	North Star Ranch	San Bernardino County	No verified route record
geonames:5377985	Northridge	Los Angeles County	No verified route record
geonames:5377995	Norwalk	Los Angeles County	No verified route record
geonames:5378087	Nuevo	Riverside County	No verified route record
geonames:5378177	Nyland	Ventura County	No verified route record
geonames:5378298	Oak Glen	San Bernardino County	No verified route record
geonames:5378311	Oak Grove	San Diego County	No verified route record
geonames:5378338	Oak Haven Estates	Riverside County	No verified route record
geonames:5378339	Oak Hill	Los Angeles County	No verified route record
geonames:5378354	Oak Hills	San Bernardino County	No verified route record
geonames:5378360	Oak Knoll	Los Angeles County	No verified route record
geonames:5378405	Oak Park	San Luis Obispo County	No verified route record
geonames:5378408	Oak Park	Ventura County	No verified route record
geonames:5378481	Oak View	Ventura County	No verified route record
geonames:5378492	Oak Village	Ventura County	No verified route record
geonames:5378585	Oakridge Ranches	Riverside County	No verified route record
geonames:5378613	Oaks	San Luis Obispo County	No verified route record
geonames:5378617	Oasis	Riverside County	No verified route record
geonames:5378631	Oasis Mobile Home Park	Orange County	No verified route record
geonames:5378675	Oban	Los Angeles County	No verified route record
geonames:5378680	Obregon	Imperial County	No verified route record
geonames:5378706	Ocean Beach	San Diego County	No verified route record
geonames:5378718	Ocean Breeze Trailer Park	Orange County	No verified route record
geonames:5378721	Ocean Hills	San Diego County	No verified route record
geonames:5378728	Ocean Park	Los Angeles County	No verified route record
geonames:5378741	Ocean View	Orange County	No verified route record
geonames:5378745	Ocean View Estates	Orange County	No verified route record
geonames:5378760	Oceana	San Diego County	No verified route record
geonames:5378763	Oceano	San Luis Obispo County	No verified route record
geonames:5378764	Oceano Beach	San Luis Obispo County	No verified route record
geonames:5378771	Oceanside	San Diego County	No verified route record
geonames:5378795	Ocotillo	Imperial County	No verified route record
geonames:5378803	Ocotillo Wells	San Diego County	No verified route record
geonames:5378828	Ogilby	Imperial County	No verified route record
geonames:5378858	Oil City	Kern County	No verified route record
geonames:5378865	Oil Junction	Kern County	No verified route record
geonames:5378870	Oildale	Kern County	No verified route record
geonames:5378880	Ojai	Ventura County	No verified route record
geonames:5378900	Ojai Valley Estates Mobile Home Park	Ventura County	No verified route record
geonames:5378907	Ojala	Ventura County	No verified route record
geonames:5378926	Old Adobe	San Luis Obispo County	No verified route record
geonames:5378974	Old Dale	San Bernardino County	No verified route record
geonames:5379000	Old Garlock	Kern County	No verified route record
geonames:5379076	Old Point Comfort	Los Angeles County	No verified route record
geonames:5379088	Old River	Kern County	No verified route record
geonames:5379136	Old Town	Santa Barbara County	No verified route record
geonames:5379137	Old Town	Ventura County	No verified route record
geonames:5379143	Old Town San Diego	San Diego County	No verified route record
geonames:5379160	Old Town	Kern County	No verified route record
geonames:5379195	Olga	Los Angeles County	No verified route record
geonames:5379211	Olive	Orange County	No verified route record
geonames:5379255	Olive View	Los Angeles County	No verified route record
geonames:5379269	Olivenhain	San Diego County	No verified route record
geonames:5379345	Omaha Heights	Los Angeles County	No verified route record
geonames:5379383	One Hundred Palms	Riverside County	No verified route record
geonames:5379439	Ontario	San Bernardino County	No verified route record
geonames:5379464	Onyx	Kern County	No verified route record
geonames:5379513	Orange	Orange County	No verified route record
geonames:5379514	Orange Avenue Junction	Los Angeles County	No verified route record
geonames:5379549	Orange Mobile Home Park	Orange County	No verified route record
geonames:5379550	Orange Park Acres	Orange County	No verified route record
geonames:5379561	Orange Village Mobile Home Park	Orange County	No verified route record
geonames:5379565	Orangetree	Orange County	No verified route record
geonames:5379582	Orchams	Santa Barbara County	No verified route record
geonames:5379609	Orcutt	Santa Barbara County	No verified route record
geonames:5379635	Ordway	Riverside County	No verified route record
geonames:5379692	Orita	Imperial County	No verified route record
geonames:5379710	Ormand	Riverside County	No verified route record
geonames:5379726	Oro Grande	San Bernardino County	No verified route record
geonames:5379786	Ortega	Santa Barbara County	No verified route record
geonames:5379815	Ortonville	Ventura County	No verified route record
geonames:5379882	Otay	San Diego County	No verified route record
geonames:5379888	Otay Mesa	San Diego County	No verified route record
geonames:5379910	Otterbein	Los Angeles County	No verified route record
geonames:5380109	Overlook	San Diego County	No verified route record
geonames:5380141	Owl	Riverside County	No verified route record
geonames:5380157	Owl Mobile Manor	Ventura County	No verified route record
geonames:5380184	Oxnard	Ventura County	No verified route record
geonames:5380187	Oxnard Beach	Ventura County	No verified route record
geonames:5380202	Oxnard Shores	Ventura County	No verified route record
geonames:5380250	Pacer	Santa Barbara County	No verified route record
geonames:5380252	Pachappa	Riverside County	No verified route record
geonames:5380284	Pacific Beach	San Diego County	No verified route record
geonames:5380378	Pacific Palisades	Los Angeles County	No verified route record
geonames:5380407	Pacific Trailer Park	Orange County	No verified route record
geonames:5380462	Pacoima	Los Angeles County	No verified route record
geonames:5380548	Pala	San Diego County	No verified route record
geonames:5380554	Pala Mesa	San Diego County	No verified route record
geonames:5380622	Palm City	San Diego County	No verified route record
geonames:5380626	Palm Desert	Riverside County	No verified route record
geonames:5380629	Palm Desert Country	Riverside County	No verified route record
geonames:5380650	Palm Lodge Mobile Home Estates	Orange County	No verified route record
geonames:5380668	Palm Springs	Riverside County	No verified route record
geonames:5380698	Palmdale	Los Angeles County	No verified route record
geonames:5380710	Palm Wells	San Bernardino County	No verified route record
geonames:5380734	Palmo	Kern County	No verified route record
geonames:5380736	Palms	Los Angeles County	No verified route record
geonames:5380784	Palo Verde	Imperial County	No verified route record
geonames:5380831	Palomar East Mobile Home Park	San Diego County	No verified route record
geonames:5380838	Palomar Mountain	San Diego County	No verified route record
geonames:5380844	Palomar Park Mobile Home Park	San Diego County	No verified route record
geonames:5380848	Palomar West Mobile Home Park	San Diego County	No verified route record
geonames:5380883	Palos Verdes Estates	Los Angeles County	No verified route record
geonames:5380894	Panama	Kern County	No verified route record
geonames:5380932	Panorama City	Los Angeles County	No verified route record
geonames:5380940	Panorama Heights	Orange County	No verified route record
geonames:5380941	Panorama Heights	San Bernardino County	No verified route record
geonames:5381032	Paradise Cove Mobile Home Park	Los Angeles County	No verified route record
geonames:5381048	Paradise Hills	San Diego County	No verified route record
geonames:5381079	Paradise Springs	Los Angeles County	No verified route record
geonames:5381110	Paramount	Los Angeles County	No verified route record
geonames:5381130	Pardee	Los Angeles County	No verified route record
geonames:5381143	Paris	Los Angeles County	No verified route record
geonames:5381172	Park Hill	San Luis Obispo County	No verified route record
geonames:5381197	Park Royale	Orange County	No verified route record
geonames:5381226	Parker Dam	San Bernardino County	No verified route record
geonames:5381231	Parker Junction	San Bernardino County	No verified route record
geonames:5381273	Parklabrea	Los Angeles County	No verified route record
geonames:5381350	Parque Pacifico Mobile Home Park	Orange County	No verified route record
geonames:5381351	Parque Santiago Mobile Home Park	Orange County	No verified route record
geonames:5381396	Pasadena	Los Angeles County	No verified route record
geonames:5381438	Paso Robles	San Luis Obispo County	No verified route record
geonames:5381482	Patch	Kern County	No verified route record
geonames:5381546	Patton	San Bernardino County	No verified route record
geonames:5381574	Paularino	Orange County	No verified route record
geonames:5381608	Paymaster Landing	Imperial County	No verified route record
geonames:5381615	Pauma Valley	San Diego County	No verified route record
geonames:5381700	Pearblossom	Los Angeles County	No verified route record
geonames:5381718	Pearland	Los Angeles County	No verified route record
geonames:5381796	Pedley	Riverside County	No verified route record
geonames:5382048	Pepper Corner	Riverside County	No verified route record
geonames:5382095	Peralta Hills	Orange County	No verified route record
geonames:5382146	Perris	Riverside County	No verified route record
geonames:5382168	Perry	Los Angeles County	No verified route record
geonames:5382193	Perrys Corner	Imperial County	No verified route record
geonames:5382362	Phelan	San Bernardino County	No verified route record
geonames:5382367	Phelps Corner	San Diego County	No verified route record
geonames:5382437	Picacho	Imperial County	No verified route record
geonames:5382489	Pico	Los Angeles County	No verified route record
geonames:5382496	Pico Rivera	Los Angeles County	No verified route record
geonames:5382507	Pico Gardens	Los Angeles County	No verified route record
geonames:5382673	Pierpont Bay	Ventura County	No verified route record
geonames:5382858	Pine Cove	Riverside County	No verified route record
geonames:5382910	Pine Grove	San Diego County	No verified route record
geonames:5382940	Pine Hills	San Diego County	No verified route record
geonames:5382989	Pine Mountain Club	Kern County	No verified route record
geonames:5383075	Pine Valley	San Diego County	No verified route record
geonames:5383084	Pine Wood	Riverside County	No verified route record
geonames:5383140	Pinezanita	San Bernardino County	No verified route record
geonames:5383211	Pinon Hills Estates	San Bernardino County	No verified route record
geonames:5383218	Pinon Pines Estates	Kern County	No verified route record
geonames:5383255	Pinto Wye	Riverside County	No verified route record
geonames:5383258	Pinyon Crest	Riverside County	No verified route record
geonames:5383268	Pinyon Pines	Riverside County	No verified route record
geonames:5383367	Pioneer Point	San Bernardino County	No verified route record
geonames:5383380	Pioneertown	San Bernardino County	No verified route record
geonames:5383409	Pippin Corner	San Luis Obispo County	No verified route record
geonames:5383413	Piru	Ventura County	No verified route record
geonames:5383424	Pisgah	San Bernardino County	No verified route record
geonames:5383431	Pismo Beach	San Luis Obispo County	No verified route record
geonames:5383526	Pinon Hills	San Bernardino County	No verified route record
geonames:5383527	Placentia	Orange County	No verified route record
geonames:5383591	Plantation Mobile Home Estates	Orange County	No verified route record
geonames:5383611	Plaster City	Imperial County	No verified route record
geonames:5383630	Play Port Mobile Home Village	Orange County	No verified route record
geonames:5383632	Playa Vista	Los Angeles County	No verified route record
geonames:5383633	Playa del Rey	Los Angeles County	No verified route record
geonames:5383656	Plaza Mobile Home Estates	Orange County	No verified route record
geonames:5383754	Pleasant Valley Mobile Home Park	San Diego County	No verified route record
geonames:5383755	Pleasant Valley Mobile Home Park	Ventura County	No verified route record
geonames:5383888	Plymouth Village	San Bernardino County	No verified route record
geonames:5383950	Point Dume Mobile Home Park	Los Angeles County	No verified route record
geonames:5384170	Pomona	Los Angeles County	No verified route record
geonames:5384180	Pomona Islander Mobile Home Park	Los Angeles County	No verified route record
geonames:5384206	Pond	Kern County	No verified route record
geonames:5384216	Ponderosa Club Mobile Home Park	San Diego County	No verified route record
geonames:5384226	Ponderosa Mobile Home Estates	Orange County	No verified route record
geonames:5384227	Ponderosa Mobile Home Park	Orange County	No verified route record
geonames:5384339	Port Hueneme	Ventura County	No verified route record
geonames:5384350	Port Orford	Santa Barbara County	No verified route record
geonames:5384353	Port San Luis	San Luis Obispo County	No verified route record
geonames:5384360	Porphyry	Riverside County	No verified route record
geonames:5384435	Portico Mobile Home and Garden Park	San Luis Obispo County	No verified route record
geonames:5384452	Portola Hills	Orange County	No verified route record
geonames:5384481	Portuguese Bend	Los Angeles County	No verified route record
geonames:5384602	Potrero	San Diego County	No verified route record
geonames:5384690	Poway	San Diego County	No verified route record
geonames:5384698	Poway Grove Park	San Diego County	No verified route record
geonames:5384704	Poway Royal Mobile Estates	San Diego County	No verified route record
geonames:5384758	Pozo	San Luis Obispo County	No verified route record
geonames:5384773	Prado Verde Mobile Home Park	Orange County	No verified route record
geonames:5384828	Prenda	Riverside County	No verified route record
geonames:5385040	Prospero	Kern County	No verified route record
geonames:5385054	Prothero Mobile Home Park	Orange County	No verified route record
geonames:5385118	Pueblo del Sol Mobile Park	Riverside County	No verified route record
geonames:5385121	Pueblo Del Rio Public Housing	Los Angeles County	No verified route record
geonames:5385124	Puente Junction	Los Angeles County	No verified route record
geonames:5385180	Pumpkin Center	Kern County	No verified route record
geonames:5385182	La Conchita	Ventura County	No verified route record
geonames:5385225	Pushawalla Palms	Riverside County	No verified route record
geonames:5385346	Quail Valley	Riverside County	No verified route record
geonames:5385354	Quailwood	Kern County	No verified route record
geonames:5385365	Quality	Kern County	No verified route record
geonames:5385393	Quartz Hill	Los Angeles County	No verified route record
geonames:5385474	Quiet Village Mobile Home Park	Orange County	No verified route record
geonames:5385576	Racimo	San Bernardino County	No verified route record
geonames:5385586	Radec	Riverside County	No verified route record
geonames:5385627	Ragtown	San Bernardino County	No verified route record
geonames:5385634	Rail-A-Way Trailer Park	Orange County	No verified route record
geonames:5385662	Rainbow	San Diego County	No verified route record
geonames:5385672	Rainbow Canyon Village	Riverside County	No verified route record
geonames:5385719	Rainbow Wells	San Bernardino County	No verified route record
geonames:5385793	Ramona	San Diego County	No verified route record
geonames:5385796	Ramona Bowl	Riverside County	No verified route record
geonames:5385814	Ramona Gardens	Los Angeles County	No verified route record
geonames:5385829	Ramona Park	Los Angeles County	No verified route record
geonames:5385855	Rana	San Bernardino County	No verified route record
geonames:5385897	Ranchita	San Diego County	No verified route record
geonames:5385905	Rancho Adolfo Mobile Home Estates	Ventura County	No verified route record
geonames:5385908	Rancho Alipaz Mobile Home Park	Orange County	No verified route record
geonames:5385913	Rancho Bernardo	San Diego County	No verified route record
geonames:5385927	Rancho Calevero Mobile Home Park	San Diego County	No verified route record
geonames:5385932	Rancho Carlsbad Trailer Park	San Diego County	No verified route record
geonames:5385934	Rancho Casitas Mobile Home Park	Riverside County	No verified route record
geonames:5385955	Rancho Cucamonga	San Bernardino County	No verified route record
geonames:5385975	Rancho Dos Palmas	Riverside County	No verified route record
geonames:5385981	Rancho Escondido Mobile Home Park	San Diego County	No verified route record
geonames:5385982	Rancho Fullerton Mobile Home Estates	Orange County	No verified route record
geonames:5385983	Rancho Granada Mobile Homes	Santa Barbara County	No verified route record
geonames:5385989	Rancho Huntington Mobile Home Park	Orange County	No verified route record
geonames:5385992	Rancho La Paz	Orange County	No verified route record
geonames:5385993	Rancho La Siesta Mobile Home Park	Orange County	No verified route record
geonames:5386015	Rancho Mirage	Riverside County	No verified route record
geonames:5386035	Rancho Palos Verdes	Los Angeles County	No verified route record
geonames:5386039	Rancho Penasquitos	San Diego County	No verified route record
geonames:5386053	Rancho San Diego	San Diego County	No verified route record
geonames:5386067	Rancho San Luis Rey Trailer Park	San Diego County	No verified route record
geonames:5386072	Rancho Santa Clarita	Los Angeles County	No verified route record
geonames:5386073	Rancho Santa Fe	San Diego County	No verified route record
geonames:5386082	Rancho Santa Margarita	Orange County	No verified route record
geonames:5386084	Rancho Santa Paul Mobile Home Park	Ventura County	No verified route record
geonames:5386094	Rancho Seco	Kern County	No verified route record
geonames:5386107	Rancho Thirty-nine Mobile Home Park	Orange County	No verified route record
geonames:5386110	Rancho Trabuco	Orange County	No verified route record
geonames:5386116	Rancho Vista	Los Angeles County	No verified route record
geonames:5386120	Rancho Vista Mobile Home Park	San Diego County	No verified route record
geonames:5386126	Rancho del Arroyo Mobile Home Park	San Luis Obispo County	No verified route record
geonames:5386127	Rancho del Avion Capistrano Mobile Home Park	Orange County	No verified route record
geonames:5386133	Rancho del Rey	San Diego County	No verified route record
geonames:5386136	Rancho del Sol Mobile Home Park	Orange County	No verified route record
geonames:5386140	Rancho las Perris	Riverside County	No verified route record
geonames:5386142	Ranchos del Oro	San Bernardino County	No verified route record
geonames:5386144	Rand	Kern County	No verified route record
geonames:5386164	Randsburg	Kern County	No verified route record
geonames:5386333	Ravenna	Los Angeles County	No verified route record
geonames:5386369	Raymer	Los Angeles County	No verified route record
geonames:5386378	Raymond Hill	Los Angeles County	No verified route record
geonames:5386599	Red Mountain	San Bernardino County	No verified route record
geonames:5386754	Redlands	San Bernardino County	No verified route record
geonames:5386767	Redlands Heights	San Bernardino County	No verified route record
geonames:5386777	Redman	Los Angeles County	No verified route record
geonames:5386785	Redondo Beach	Los Angeles County	No verified route record
geonames:5386795	Redondo Junction	Los Angeles County	No verified route record
geonames:5387007	Reeves Place	San Luis Obispo County	No verified route record
geonames:5387030	Regal Mobile Club Estates	Orange County	No verified route record
geonames:5387103	Rendalia	Los Angeles County	No verified route record
geonames:5387111	Renoville	San Bernardino County	No verified route record
geonames:5387112	Renshaw Place	San Luis Obispo County	No verified route record
geonames:5387152	Reseda	Los Angeles County	No verified route record
geonames:5387221	Reward	Kern County	No verified route record
geonames:5387223	Rex	Santa Barbara County	No verified route record
geonames:5387288	Rialto	San Bernardino County	No verified route record
geonames:5387307	Ribbonwood	Riverside County	No verified route record
geonames:5387308	Ribier	Kern County	No verified route record
geonames:5387310	Ricardo	Kern County	No verified route record
geonames:5387312	Rice	San Bernardino County	No verified route record
geonames:5387350	Rich	Kern County	No verified route record
geonames:5387410	Richfields	Orange County	No verified route record
geonames:5387415	Richland	San Diego County	No verified route record
geonames:5387470	Rico	Imperial County	No verified route record
geonames:5387494	Ridgecrest	Kern County	No verified route record
geonames:5387502	Ridgecrest Estates	San Diego County	No verified route record
geonames:5387576	Rimforest	San Bernardino County	No verified route record
geonames:5387580	Rimlon	Riverside County	No verified route record
geonames:5387582	Rimrock	San Bernardino County	No verified route record
geonames:5387587	Rincon	San Diego County	No verified route record
geonames:5387590	Rincon	Ventura County	No verified route record
geonames:5387660	Rio Bravo	Kern County	No verified route record
geonames:5387677	Rio Hondo	Los Angeles County	No verified route record
geonames:5387732	Rio Vista Mobile Home Estates	Orange County	No verified route record
geonames:5387746	Ripley	Riverside County	No verified route record
geonames:5387870	Riverkern	Kern County	No verified route record
geonames:5387877	Riverside	Riverside County	No verified route record
geonames:5387905	Riverside Junction	Riverside County	No verified route record
geonames:5387937	Riverview	San Diego County	No verified route record
geonames:5387953	Riverview Farms	San Diego County	No verified route record
geonames:5387964	Riviera	Los Angeles County	No verified route record
geonames:5387971	Riviera Mobile Home Park	San Diego County	No verified route record
geonames:5387974	Riviera Shores	San Diego County	No verified route record
geonames:5387975	Riviera Villas	San Diego County	No verified route record
geonames:5388133	Robinson Ranch	Orange County	No verified route record
geonames:5388169	Rochester	San Bernardino County	No verified route record
geonames:5388352	Rockwood	Imperial County	No verified route record
geonames:5388593	Rolling Hills	Los Angeles County	No verified route record
geonames:5388601	Rolling Hills Estates	Los Angeles County	No verified route record
geonames:5388644	Romoland	Riverside County	No verified route record
geonames:5388662	Roosevelt	Los Angeles County	No verified route record
geonames:5388663	Roosevelt	Los Angeles County	No verified route record
geonames:5388735	Rosamond	Kern County	No verified route record
geonames:5388787	Rose Hill	Los Angeles County	No verified route record
geonames:5388843	Rosedale	Kern County	No verified route record
geonames:5388865	Rosemary	Santa Barbara County	No verified route record
geonames:5388867	Rosemead	Los Angeles County	No verified route record
geonames:5388874	Rosemont	San Diego County	No verified route record
geonames:5388882	Roseville	San Diego County	No verified route record
geonames:5388914	Ross Corner	Imperial County	No verified route record
geonames:5388953	Rossmoor	Orange County	No verified route record
geonames:5389118	Rowen	Kern County	No verified route record
geonames:5389124	Rowland	Los Angeles County	No verified route record
geonames:5389126	Rowland Heights	Los Angeles County	No verified route record
geonames:5389149	Royal Gardens Mobile Home Estates	Orange County	No verified route record
geonames:5389157	Royal Oak Mobile Home Park	Orange County	No verified route record
geonames:5389165	Royal Palms	Riverside County	No verified route record
geonames:5389167	Royal Palms Mobile Home Park	Ventura County	No verified route record
geonames:5389213	Rubidoux	Riverside County	No verified route record
geonames:5389288	Running Springs	San Bernardino County	No verified route record
geonames:5389329	Russ	Los Angeles County	No verified route record
geonames:5389418	Ruthven	Imperial County	No verified route record
geonames:5389465	Sablon	San Bernardino County	No verified route record
geonames:5389467	Sabre Springs	San Diego County	No verified route record
geonames:5389480	Sacate	Santa Barbara County	No verified route record
geonames:5389494	Saco	Kern County	No verified route record
geonames:5389714	Saddle Junction	Riverside County	No verified route record
geonames:5389742	Saddleback Mobile Lodge	Orange County	No verified route record
geonames:5389763	Sage	Riverside County	No verified route record
geonames:5389793	Sageland	Kern County	No verified route record
geonames:5389805	Sahara Mobile Home Park	Orange County	No verified route record
geonames:5390329	Saint James Park	Los Angeles County	No verified route record
geonames:5390667	Saint Marie Mobile Home Park	Santa Barbara County	No verified route record
geonames:5391497	Saltdale	Kern County	No verified route record
geonames:5391502	Salton	Riverside County	No verified route record
geonames:5391503	Salton City	Imperial County	No verified route record
geonames:5391508	Salton Sea Beach	Imperial County	No verified route record
geonames:5391520	Saltus	San Bernardino County	No verified route record
geonames:5391535	Salvia	Riverside County	No verified route record
geonames:5391648	San Antonio Heights	San Bernardino County	No verified route record
geonames:5391685	San Augustine	Santa Barbara County	No verified route record
geonames:5391710	San Bernardino	San Bernardino County	No verified route record
geonames:5391791	San Clemente	Orange County	No verified route record
geonames:5391811	San Diego	San Diego County	No verified route record
geonames:5391831	San Diego Country Estates	San Diego County	No verified route record
geonames:5391891	San Dimas	Los Angeles County	No verified route record
geonames:5391919	San Emidio	Kern County	No verified route record
geonames:5391928	San Felipe	San Diego County	No verified route record
geonames:5391945	San Fernando	Los Angeles County	No verified route record
geonames:5392034	San Gabriel	Los Angeles County	No verified route record
geonames:5392088	San Ignacio	San Diego County	No verified route record
geonames:5392090	San Jacinto	Riverside County	No verified route record
geonames:5392148	San Joaquin Hills	Orange County	No verified route record
geonames:5392229	San Juan Capistrano	Orange County	No verified route record
geonames:5392241	San Juan Hot Springs	Orange County	No verified route record
geonames:5392243	San Juan Mobile Home Estates	Orange County	No verified route record
geonames:5392262	San Lawrence Terrace	San Luis Obispo County	No verified route record
geonames:5392323	San Luis Obispo	San Luis Obispo County	No verified route record
geonames:5392350	San Luis Rey	San Diego County	No verified route record
geonames:5392357	San Luis Rey Heights	San Diego County	No verified route record
geonames:5392368	San Marcos	San Diego County	No verified route record
geonames:5392385	San Marcos Mobile Estates	San Diego County	No verified route record
geonames:5392400	San Marino	Los Angeles County	No verified route record
geonames:5392448	San Miguel	San Luis Obispo County	No verified route record
geonames:5392493	San Onofre	San Diego County	No verified route record
geonames:5392517	San Pasqual	San Diego County	No verified route record
geonames:5392528	San Pedro	Los Angeles County	No verified route record
geonames:5392544	San Pedro Hill	Los Angeles County	No verified route record
geonames:5392624	San Roque Mobile Home	Santa Barbara County	No verified route record
geonames:5392629	San Simeon	San Luis Obispo County	No verified route record
geonames:5392662	San Ysidro	San Diego County	No verified route record
geonames:5392684	Sanborn	Kern County	No verified route record
geonames:5392713	Sand Canyon	Kern County	No verified route record
geonames:5392792	Sandalwood Mobile Home Park	Orange County	No verified route record
geonames:5392793	Sandberg	Los Angeles County	No verified route record
geonames:5392805	Sandia	Imperial County	No verified route record
geonames:5392816	Sandpiper Mobile Home Park	Santa Barbara County	No verified route record
geonames:5392823	Sands	San Bernardino County	No verified route record
geonames:5392849	Sandy Korner	Riverside County	No verified route record
geonames:5392860	Sandyland	Santa Barbara County	No verified route record
geonames:5392861	Sandyland Cove	Santa Barbara County	No verified route record
geonames:5392900	Santa Ana	Orange County	No verified route record
geonames:5392910	Santa Ana Gardens	Orange County	No verified route record
geonames:5392912	Santa Ana Heights	Orange County	No verified route record
geonames:5392931	Santa Anita	Los Angeles County	No verified route record
geonames:5392952	Santa Barbara	Santa Barbara County	No verified route record
geonames:5393049	Santa Clarita	Los Angeles County	No verified route record
geonames:5393128	Santa Fe Springs	Los Angeles County	No verified route record
geonames:5393154	Santa Margarita	San Luis Obispo County	No verified route record
geonames:5393165	Santa Margarita Groves	Riverside County	No verified route record
geonames:5393179	Santa Maria	Los Angeles County	No verified route record
geonames:5393180	Santa Maria	Santa Barbara County	No verified route record
geonames:5393212	Santa Monica	Los Angeles County	No verified route record
geonames:5393245	Santa Paula	Ventura County	No verified route record
geonames:5393337	Santa Rosa Ranch Estates	Riverside County	No verified route record
geonames:5393345	Santa Rosa South	Riverside County	No verified route record
geonames:5393352	Santa Rosa West	Riverside County	No verified route record
geonames:5393358	Santa Susana	Ventura County	No verified route record
geonames:5393361	Santa Susana Knolls	Ventura County	No verified route record
geonames:5393388	Santa Ynez	Santa Barbara County	No verified route record
geonames:5393416	Santa Ysabel	San Diego County	No verified route record
geonames:5393429	Santee	San Diego County	No verified route record
geonames:5393545	Saticoy	Ventura County	No verified route record
geonames:5393577	Saugus	Los Angeles County	No verified route record
geonames:5393701	Sawtelle	Los Angeles County	No verified route record
geonames:5393899	Scissors Crossing	San Diego County	No verified route record
geonames:5393917	Scotland	San Bernardino County	No verified route record
geonames:5394026	Scripps Ranch	San Diego County	No verified route record
geonames:5394042	Sea Aire Mobile Home Park	San Diego County	No verified route record
geonames:5394043	Sea Aria East Mobile Home Estates	Orange County	No verified route record
geonames:5394044	Sea Aria West Mobile Home Estates	Orange County	No verified route record
geonames:5394045	Sea Breeze Trailer Park	Orange County	No verified route record
geonames:5394049	Sea Cliff	Ventura County	No verified route record
geonames:5394080	Seacliffe Mobile Home Park	Orange County	No verified route record
geonames:5394086	Seal Beach	Orange County	No verified route record
geonames:5394092	Seal Beach Trailer Park	Orange County	No verified route record
geonames:5394120	Searles	Kern County	No verified route record
geonames:5394124	Searles Valley	San Bernardino County	No verified route record
geonames:5394273	Sedco Hills	Riverside County	No verified route record
geonames:5394279	Seeley	Imperial County	No verified route record
geonames:5394300	Seguro	Kern County	No verified route record
geonames:5394355	Seminole Hot Springs	Los Angeles County	No verified route record
geonames:5394356	Seminole Springs Trailer Park	Los Angeles County	No verified route record
geonames:5394357	Semitropic	Kern County	No verified route record
geonames:5394408	Sepulveda	Los Angeles County	No verified route record
geonames:5394409	North Hills	Los Angeles County	No verified route record
geonames:5394482	Serena	Santa Barbara County	No verified route record
geonames:5394485	Serena Park	Santa Barbara County	No verified route record
geonames:5394503	Serra Mesa	San Diego County	No verified route record
geonames:5394524	Serrano	San Luis Obispo County	No verified route record
geonames:5394532	Serrano Heights	Riverside County	No verified route record
geonames:5394538	Serrano Place	Orange County	No verified route record
geonames:5394540	Serrano Village	San Bernardino County	No verified route record
geonames:5394546	Sespe	Ventura County	No verified route record
geonames:5394555	Sespe Village	Ventura County	No verified route record
geonames:5394575	Seven Oaks	San Bernardino County	No verified route record
geonames:5394803	Shadow Ridge Creek	Riverside County	No verified route record
geonames:5394814	Shadow Hills	Los Angeles County	No verified route record
geonames:5394824	Shady Dell	San Diego County	No verified route record
geonames:5394842	Shafter	Kern County	No verified route record
geonames:5394892	Shandon	San Luis Obispo County	No verified route record
geonames:5395117	Shell Beach	San Luis Obispo County	No verified route record
geonames:5395140	Shelltown	San Diego County	No verified route record
geonames:5395169	Shepards	Santa Barbara County	No verified route record
geonames:5395237	Sherman Heights	San Diego County	No verified route record
geonames:5395244	Sherman Oaks	Los Angeles County	No verified route record
geonames:5395371	Shirley	Orange County	No verified route record
geonames:5395381	Shirley Meadows	Kern County	No verified route record
geonames:5395417	Shorb	Los Angeles County	No verified route record
geonames:5395512	Shuman	Santa Barbara County	No verified route record
geonames:5395524	Siberia	San Bernardino County	No verified route record
geonames:5395602	Sierra Heights	San Bernardino County	No verified route record
geonames:5395622	Sierra Madre	Los Angeles County	No verified route record
geonames:5395695	Sierra Vista	Los Angeles County	No verified route record
geonames:5395730	Sierra Vista Trailer Park	San Diego County	No verified route record
geonames:5395754	Signal Hill	Los Angeles County	No verified route record
geonames:5395796	Silt	Kern County	No verified route record
geonames:5395852	Silver Dons Mobile Home Park	San Diego County	No verified route record
geonames:5395891	Silver Lake Heights	Los Angeles County	No verified route record
geonames:5395934	Silver Spur Mobile Manor	Riverside County	No verified route record
geonames:5395955	Silverado	Orange County	No verified route record
geonames:5396003	Simi Valley	Ventura County	No verified route record
geonames:5396052	Simons	Los Angeles County	No verified route record
geonames:5396084	Singing Springs	Los Angeles County	No verified route record
geonames:5396136	Sisquoc	Santa Barbara County	No verified route record
geonames:5396199	Skandia Mobile Country Park	Orange County	No verified route record
geonames:5396291	Sky Valley	Riverside County	No verified route record
geonames:5396298	Skyforest	San Bernardino County	No verified route record
geonames:5396302	Skyland	San Bernardino County	No verified route record
geonames:5396315	Skyline North	San Bernardino County	No verified route record
geonames:5396334	Skytop	San Bernardino County	No verified route record
geonames:5396339	Sky Valley Mobile Home Park	Riverside County	No verified route record
geonames:5396384	Slater	Kern County	No verified route record
geonames:5396426	Sleepy Hollow	San Bernardino County	No verified route record
geonames:5396432	Sleepy Valley	Los Angeles County	No verified route record
geonames:5396539	Smeltzer	Orange County	No verified route record
geonames:5396545	Smiley Heights	San Bernardino County	No verified route record
geonames:5396549	Smiley Park	San Bernardino County	No verified route record
geonames:5396565	Smith Corner	Kern County	No verified route record
geonames:5396667	Smoke Tree	San Bernardino County	No verified route record
geonames:5396773	Snow Creek	Riverside County	No verified route record
geonames:5396892	Soboba Hot Springs	Riverside County	No verified route record
geonames:5396974	Solana Beach	San Diego County	No verified route record
geonames:5397037	Solemint	Los Angeles County	No verified route record
geonames:5397055	Solromar	Ventura County	No verified route record
geonames:5397059	Solvang	Santa Barbara County	No verified route record
geonames:5397083	Somis	Ventura County	No verified route record
geonames:5397196	Sorrento Valley	San Diego County	No verified route record
geonames:5397210	Soto Street Junction	Los Angeles County	No verified route record
geonames:5397245	South Adelanto	San Bernardino County	No verified route record
geonames:5397251	South Anaheim	Orange County	No verified route record
geonames:5397280	South Bay Terraces	San Diego County	No verified route record
geonames:5397335	South Carthay	Los Angeles County	No verified route record
geonames:5397376	South El Monte	Los Angeles County	No verified route record
geonames:5397378	South Crest	San Diego County	No verified route record
geonames:5397381	South Encantato	San Diego County	No verified route record
geonames:5397387	South Fontana	San Bernardino County	No verified route record
geonames:5397603	South Gate	Los Angeles County	No verified route record
geonames:5397616	South Grove Mobile Home Estates	Orange County	No verified route record
geonames:5397656	South Lake	Kern County	No verified route record
geonames:5397660	South Lake	Kern County	No verified route record
geonames:5397675	South Los Angeles	Los Angeles County	No verified route record
geonames:5397695	South Oceanside	San Diego County	No verified route record
geonames:5397708	South Park	Riverside County	No verified route record
geonames:5397710	South Park	San Diego County	No verified route record
geonames:5397717	South Pasadena	Los Angeles County	No verified route record
geonames:5397763	South San Diego	San Diego County	No verified route record
geonames:5397771	South San Gabriel	Los Angeles County	No verified route record
geonames:5397777	South San Jose Hills	Los Angeles County	No verified route record
geonames:5397806	South Santa Ana	Orange County	No verified route record
geonames:5397822	South Trona	San Bernardino County	No verified route record
geonames:5397841	South Whittier	Los Angeles County	No verified route record
geonames:5397921	Southridge Village	San Bernardino County	No verified route record
geonames:5397943	Southwest Village	Los Angeles County	No verified route record
geonames:5397959	Spadra	Los Angeles County	No verified route record
geonames:5397976	Spangler	San Bernardino County	No verified route record
geonames:5398007	Spanish Hills	Ventura County	No verified route record
geonames:5398032	Sparr Heights	Los Angeles County	No verified route record
geonames:5398056	Spellacy	Kern County	No verified route record
geonames:5398075	Sperry	San Bernardino County	No verified route record
geonames:5398087	Spicer City	Kern County	No verified route record
geonames:5398277	Spring Valley	San Diego County	No verified route record
geonames:5398319	Springville	Ventura County	No verified route record
geonames:5398466	Squirrel Mountain Valley	Kern County	No verified route record
geonames:5398518	Stalder	Riverside County	No verified route record
geonames:5398520	Stallion Oaks	San Diego County	No verified route record
geonames:5398521	Stallion Springs	Kern County	No verified route record
geonames:5398533	Standard Avenue Mobile Home Park	Orange County	No verified route record
geonames:5398630	Stanton	Orange County	No verified route record
geonames:5398753	Stauffer	Ventura County	No verified route record
geonames:5398776	Stedman	San Bernardino County	No verified route record
geonames:5398886	Stevens	Kern County	No verified route record
geonames:5399021	Stockton	San Diego County	No verified route record
geonames:5399144	Stonehurst	Los Angeles County	No verified route record
geonames:5399150	Stoneman	Los Angeles County	No verified route record
geonames:5399161	Stoneridge Mobile Home Park	Orange County	No verified route record
geonames:5399300	Strathearn	Ventura County	No verified route record
geonames:5399349	Strawberry Park	Los Angeles County	No verified route record
geonames:5399378	Strickland Acres	Ventura County	No verified route record
geonames:5399409	Stuart	San Diego County	No verified route record
geonames:5399421	Studebaker	Los Angeles County	No verified route record
geonames:5399438	Studio City	Los Angeles County	No verified route record
geonames:5399464	Styx	Riverside County	No verified route record
geonames:5399556	Sugarloaf	San Bernardino County	No verified route record
geonames:5399750	Sulphur Springs	Los Angeles County	No verified route record
geonames:5399757	Sulphur Springs	Ventura County	No verified route record
geonames:5399786	Summerland	Santa Barbara County	No verified route record
geonames:5399794	Summerset Mobile Home Estates	Orange County	No verified route record
geonames:5399797	Summit	Kern County	No verified route record
geonames:5399885	Summit Terrace	San Bernardino County	No verified route record
geonames:5399901	Sun City	Riverside County	No verified route record
geonames:5399922	Sun Valley	Los Angeles County	No verified route record
geonames:5399940	Suncrest	San Diego County	No verified route record
geonames:5399945	Sundance Mobile Home Park	San Diego County	No verified route record
geonames:5399955	Sunfair	San Bernardino County	No verified route record
geonames:5399956	Sunfair Heights	San Bernardino County	No verified route record
geonames:5399967	Sunkist	San Bernardino County	No verified route record
geonames:5399975	Sunkist Gardens	Orange County	No verified route record
geonames:5399976	Sunland	Los Angeles County	No verified route record
geonames:5399994	Sunny Hills	Orange County	No verified route record
geonames:5399995	Sunny Hills Estates Mobile Home Park	Santa Barbara County	No verified route record
geonames:5400008	Sunny Vista	San Diego County	No verified route record
geonames:5400020	Sunnymead	Riverside County	No verified route record
geonames:5400034	Sunnyside	San Diego County	No verified route record
geonames:5400049	Sunnyside Estates	Riverside County	No verified route record
geonames:5400065	Sunnyslope	Riverside County	No verified route record
geonames:5400106	Sunrise	Los Angeles County	No verified route record
geonames:5400159	Sunset Beach	Orange County	No verified route record
geonames:5400180	Sunset Cliffs	San Diego County	No verified route record
geonames:5400202	Sunset Hills	San Bernardino County	No verified route record
geonames:5400218	Sunset Palisades	San Luis Obispo County	No verified route record
geonames:5400248	Sunset Ridge	San Bernardino County	No verified route record
geonames:5400264	Sunset Terrace Mobile Home Park	San Diego County	No verified route record
geonames:5400299	Sunsweet	San Bernardino County	No verified route record
geonames:5400300	Suntown	Riverside County	No verified route record
geonames:5400324	Surf	Santa Barbara County	No verified route record
geonames:5400330	Surfside	Orange County	No verified route record
geonames:5400668	Sycamore Cove	Ventura County	No verified route record
geonames:5400706	Sycamore Creek Mobile Home Park	San Diego County	No verified route record
geonames:5400708	Sycamore Hills	Riverside County	No verified route record
geonames:5400741	Sycamore Springs	Riverside County	No verified route record
geonames:5400742	Sycamore Springs	San Luis Obispo County	No verified route record
geonames:5400772	Sylvan Meadows	Riverside County	No verified route record
geonames:5400784	Sylmar	Los Angeles County	No verified route record
geonames:5400788	Sylvia Park	Los Angeles County	No verified route record
geonames:5400877	Taft	Kern County	No verified route record
geonames:5400890	Taft Heights	Kern County	No verified route record
geonames:5400906	Taggin Wagon Mobile Home Park	Orange County	No verified route record
geonames:5400963	Tajiguas	Santa Barbara County	No verified route record
geonames:5400966	Talbert	Orange County	No verified route record
geonames:5400981	Talich	San Diego County	No verified route record
geonames:5401067	Tanbark Flats	Los Angeles County	No verified route record
geonames:5401072	Tangair	Santa Barbara County	No verified route record
geonames:5401143	Tarzana	Los Angeles County	No verified route record
geonames:5401173	Taylor	Riverside County	No verified route record
geonames:5401200	Taylor Junction	Los Angeles County	No verified route record
geonames:5401263	Tecate	San Diego County	No verified route record
geonames:5401297	Tehachapi	Kern County	No verified route record
geonames:5401395	Temecula	Riverside County	No verified route record
geonames:5401403	Temecula Ranchos	Riverside County	No verified route record
geonames:5401410	Temescal	Riverside County	No verified route record
geonames:5401469	Temple City	Los Angeles County	No verified route record
geonames:5401516	Templeton	San Luis Obispo County	No verified route record
geonames:5401674	Terra Cotta	Riverside County	No verified route record
geonames:5401954	The Colony Mobile Home Park	Ventura County	No verified route record
geonames:5401978	The Gables	Orange County	No verified route record
geonames:5402027	The Meadows	Orange County	No verified route record
geonames:5402029	The Mesa	San Bernardino County	No verified route record
geonames:5402034	The Muirlands	San Diego County	No verified route record
geonames:5402040	The Oaks	Los Angeles County	No verified route record
geonames:5402051	The Palms Trailer Park	San Diego County	No verified route record
geonames:5402071	The Plaza	San Bernardino County	No verified route record
geonames:5402108	The Views Mobile Home Park	San Diego County	No verified route record
geonames:5402109	The Village	San Bernardino County	No verified route record
geonames:5402128	The Willows	San Diego County	No verified route record
geonames:5402133	The Woods Trailer Park	San Diego County	No verified route record
geonames:5402139	Thenard	Los Angeles County	No verified route record
geonames:5402152	Thermal	Riverside County	No verified route record
geonames:5402270	Thomas Mountain	Riverside County	No verified route record
geonames:5402277	Thomas Place	San Bernardino County	No verified route record
geonames:5402366	Thorn	San Bernardino County	No verified route record
geonames:5402405	Thousand Oaks	Ventura County	No verified route record
geonames:5402415	Thousand Palms	Riverside County	No verified route record
geonames:5402425	Three Arch Bay	Orange County	No verified route record
geonames:5402462	Three Points	Los Angeles County	No verified route record
geonames:5402485	Three Points	Los Angeles County	No verified route record
geonames:5402514	Thunderbird Ranches	San Bernardino County	No verified route record
geonames:5402526	Thurin	Orange County	No verified route record
geonames:5402529	Thyle	San Luis Obispo County	No verified route record
geonames:5402532	Tiber	San Luis Obispo County	No verified route record
geonames:5402581	Tierra del Sol	San Diego County	No verified route record
geonames:5402584	Tierrasanta	San Diego County	No verified route record
geonames:5402618	Tiki Mobile Village	San Diego County	No verified route record
geonames:5402699	Tin City	San Luis Obispo County	No verified route record
geonames:5402755	Titus	San Diego County	No verified route record
geonames:5402794	Todd Place	San Luis Obispo County	No verified route record
geonames:5402948	Toomey	San Bernardino County	No verified route record
geonames:5402958	Top of the World	Orange County	No verified route record
geonames:5402961	Topanga	Los Angeles County	No verified route record
geonames:5402963	Topanga Beach	Los Angeles County	No verified route record
geonames:5402968	Topanga Oaks	Los Angeles County	No verified route record
geonames:5402969	Topanga Park	Los Angeles County	No verified route record
geonames:5403000	Toro Canyon	Santa Barbara County	No verified route record
geonames:5403022	Torrance	Los Angeles County	No verified route record
geonames:5403050	Tortuga	Imperial County	No verified route record
geonames:5403105	Town and Country Mobile Home Park	San Diego County	No verified route record
geonames:5403106	Town and Country Mobile Home Park	San Diego County	No verified route record
geonames:5403119	Town and Country Trailer Estates	Santa Barbara County	No verified route record
geonames:5403120	Town and Country Villa	Orange County	No verified route record
geonames:5403172	Trabuco Canyon	Orange County	No verified route record
geonames:5403173	Trabuco Highlands	Orange County	No verified route record
geonames:5403212	Tradewinds Trailer Village	Orange County	No verified route record
geonames:5403261	Trancas	Los Angeles County	No verified route record
geonames:5403323	Treasure Island Mobile Home Park	Orange County	No verified route record
geonames:5403337	Tree Mobile Home Park	Orange County	No verified route record
geonames:5403396	Trico Mobile Estates	San Diego County	No verified route record
geonames:5403604	Trona	San Bernardino County	No verified route record
geonames:5403618	Triunfo Corner	Ventura County	No verified route record
geonames:5403633	Trousdale Estates	Los Angeles County	No verified route record
geonames:5403684	Truckhaven	Imperial County	No verified route record
geonames:5403767	Tujunga	Los Angeles County	No verified route record
geonames:5404000	Tupman	Kern County	No verified route record
geonames:5404119	Tustin	Orange County	No verified route record
geonames:5404122	North Tustin	Orange County	No verified route record
geonames:5404129	Tustin Village Mobile Home Club	Orange County	No verified route record
geonames:5404198	Twentynine Palms	San Bernardino County	No verified route record
geonames:5404260	Twin Lakes	Kern County	No verified route record
geonames:5404262	Twin Lakes	Los Angeles County	No verified route record
geonames:5404295	Twin Oaks	Kern County	No verified route record
geonames:5404296	Twin Oaks	San Diego County	No verified route record
geonames:5404316	Twin Peaks	San Bernardino County	No verified route record
geonames:5404382	Two Harbors	Los Angeles County	No verified route record
geonames:5404514	Una	Kern County	No verified route record
geonames:5404535	Union	San Luis Obispo County	No verified route record
geonames:5404794	Universal City	Los Angeles County	No verified route record
geonames:5404814	University City	San Diego County	No verified route record
geonames:5404828	University Heights	San Bernardino County	No verified route record
geonames:5404829	University Heights	San Diego County	No verified route record
geonames:5404863	University Village	San Bernardino County	No verified route record
geonames:5404915	Upland	San Bernardino County	No verified route record
geonames:5405279	Val Verde	Los Angeles County	No verified route record
geonames:5405280	Val Verde	Riverside County	No verified route record
geonames:5405288	Valencia	Los Angeles County	No verified route record
geonames:5405289	Valencia	San Bernardino County	No verified route record
geonames:5405304	Valencia Park	San Diego County	No verified route record
geonames:5405319	Valerie	Riverside County	No verified route record
geonames:5405326	Valinda	Los Angeles County	No verified route record
geonames:5405328	Valjean	San Bernardino County	No verified route record
geonames:5405332	Valla	Los Angeles County	No verified route record
geonames:5405346	Valle Vista	Riverside County	No verified route record
geonames:5405355	Valle de los Caballos	Riverside County	No verified route record
geonames:5405411	Valley Acres	Kern County	No verified route record
geonames:5405430	Valley Center	San Diego County	No verified route record
geonames:5405490	Valley Gardens	San Bernardino County	No verified route record
geonames:5405493	Valley High North	San Bernardino County	No verified route record
geonames:5405582	Valley View Park	San Bernardino County	No verified route record
geonames:5405603	Valley Vista	Riverside County	No verified route record
geonames:5405613	Valley Wells Station	San Bernardino County	No verified route record
geonames:5405616	Valley of Enchantment	San Bernardino County	No verified route record
geonames:5405641	Valyermo	Los Angeles County	No verified route record
geonames:5405684	Van Ness	Los Angeles County	No verified route record
geonames:5405693	Van Nuys	Los Angeles County	No verified route record
geonames:5405737	Vandenberg Village	Santa Barbara County	No verified route record
geonames:5405741	Vanderbilt	San Bernardino County	No verified route record
geonames:5405815	Vega	Los Angeles County	No verified route record
geonames:5405841	Venice	Los Angeles County	No verified route record
geonames:5405842	Venice Beach	Los Angeles County	No verified route record
geonames:5405867	Venola	Kern County	No verified route record
geonames:5405876	Ventucopa	Santa Barbara County	No verified route record
geonames:5405878	Ventura	Ventura County	No verified route record
geonames:5405925	Venus	San Bernardino County	No verified route record
geonames:5405930	Verdant	Imperial County	No verified route record
geonames:5405931	Verde	San Luis Obispo County	No verified route record
geonames:5405955	Verdemont	San Bernardino County	No verified route record
geonames:5405965	Verdugo City	Los Angeles County	No verified route record
geonames:5406001	Vernon	Los Angeles County	No verified route record
geonames:5406156	Vickers Hot Springs	Ventura County	No verified route record
geonames:5406187	Victoria	San Bernardino County	No verified route record
geonames:5406222	Victorville	San Bernardino County	No verified route record
geonames:5406276	Vidal	San Bernardino County	No verified route record
geonames:5406277	Vidal Junction	San Bernardino County	No verified route record
geonames:5406304	View Park	Los Angeles County	No verified route record
geonames:5406321	Villa Capri Mobile Home Park	Orange County	No verified route record
geonames:5406325	Villa Grande Mobile Home Park	Orange County	No verified route record
geonames:5406327	Villa Huntington Mobile Home Park	Orange County	No verified route record
geonames:5406329	Villa Madeira Mobile Home Park	San Diego County	No verified route record
geonames:5406330	Villa Magnolia Mobile Home Park	Orange County	No verified route record
geonames:5406337	Villa Park	Orange County	No verified route record
geonames:5406345	Villa San Juan Mobile Home Park	Orange County	No verified route record
geonames:5406348	Villa Valencia	Orange County	No verified route record
geonames:5406352	Villa del Arroyo Mobile Home Estates	Ventura County	No verified route record
geonames:5406371	Village Green Trailer Park	San Diego County	No verified route record
geonames:5406376	Village Mobile Home Park	Santa Barbara County	No verified route record
geonames:5406421	Vincent	Los Angeles County	No verified route record
geonames:5406462	Vineyard	Los Angeles County	No verified route record
geonames:5406516	Vinvale	Los Angeles County	No verified route record
geonames:5406539	Virginia Colony	Ventura County	No verified route record
geonames:5406602	Vista	San Diego County	No verified route record
geonames:5406609	Vista Cascade Mobile Home Park	San Diego County	No verified route record
geonames:5406645	Vista Manor Trailer Park	San Diego County	No verified route record
geonames:5406664	Vista Santa Rosa	Riverside County	No verified route record
geonames:5406671	Vista Verde Estates Mobile Home Park	San Diego County	No verified route record
geonames:5406678	Vista de Santa Barbara Mobile Homes	Santa Barbara County	No verified route record
geonames:5406688	Vista del Mar	Los Angeles County	No verified route record
geonames:5406812	Wadstrom	Ventura County	No verified route record
geonames:5406880	Waldorf	Santa Barbara County	No verified route record
geonames:5406890	Walker	Los Angeles County	No verified route record
geonames:5406953	Wallace Center	Kern County	No verified route record
geonames:5406976	Walnut	Los Angeles County	No verified route record
geonames:5407027	Walnut Hills Mobile Home Park	Los Angeles County	No verified route record
geonames:5407030	Walnut Park	Los Angeles County	No verified route record
geonames:5407034	Walnut Ridge	San Bernardino County	No verified route record
geonames:5407042	Walong	Kern County	No verified route record
geonames:5407088	Waltz	Los Angeles County	No verified route record
geonames:5407172	Warm Springs	San Bernardino County	No verified route record
geonames:5407173	Warm Springs	San Bernardino County	No verified route record
geonames:5407185	Warm Springs Mobile Home Park	Riverside County	No verified route record
geonames:5407200	Warner	San Bernardino County	No verified route record
geonames:5407222	Warner Springs	San Diego County	No verified route record
geonames:5407491	Watermans Corner	Imperial County	No verified route record
geonames:5407505	Watson	Los Angeles County	No verified route record
geonames:5407526	Watson Junction	Los Angeles County	No verified route record
geonames:5407558	Watts	Los Angeles County	No verified route record
geonames:5407692	Weedpatch	Kern County	No verified route record
geonames:5407726	Weisel	Riverside County	No verified route record
geonames:5407744	Weldon	Kern County	No verified route record
geonames:5407752	Weldons	Ventura County	No verified route record
geonames:5407761	Wellington Heights	Los Angeles County	No verified route record
geonames:5407789	Wellsona	San Luis Obispo County	No verified route record
geonames:5407836	West Anaheim	Orange County	No verified route record
geonames:5407837	West Anaheim Junction	Orange County	No verified route record
geonames:5407840	West Arcadia	Los Angeles County	No verified route record
geonames:5407841	West Athens	Los Angeles County	No verified route record
geonames:5407908	West Carson	Los Angeles County	No verified route record
geonames:5407926	West Colton	San Bernardino County	No verified route record
geonames:5407927	West Rancho Dominguez	Los Angeles County	No verified route record
geonames:5407933	West Covina	Los Angeles County	No verified route record
geonames:5407955	West End	San Bernardino County	No verified route record
geonames:5408055	West Glendale	Los Angeles County	No verified route record
geonames:5408058	West Grove Mobile Home Estates	Orange County	No verified route record
geonames:5408068	West Highlands	San Bernardino County	No verified route record
geonames:5408076	West Hollywood	Los Angeles County	No verified route record
geonames:5408115	West Los Angeles	Los Angeles County	No verified route record
geonames:5408123	West March	Riverside County	No verified route record
geonames:5408191	West Puente Valley	Los Angeles County	No verified route record
geonames:5408279	West Village	San Luis Obispo County	No verified route record
geonames:5408287	West Whittier	Los Angeles County	No verified route record
geonames:5408295	Westchester	Los Angeles County	No verified route record
geonames:5408305	Westend	San Bernardino County	No verified route record
geonames:5408362	Westgate	Los Angeles County	No verified route record
geonames:5408363	Westgate Heights	Los Angeles County	No verified route record
geonames:5408395	Westlake Village	Los Angeles County	No verified route record
geonames:5408406	Westminster	Orange County	No verified route record
geonames:5408418	Westminster Mobile Home Park	Orange County	No verified route record
geonames:5408431	Westmont	Los Angeles County	No verified route record
geonames:5408445	Westmorland	Imperial County	No verified route record
geonames:5408521	Westwinds Lodge Mobile Home Park	San Diego County	No verified route record
geonames:5408522	Westwood	Los Angeles County	No verified route record
geonames:5408545	Westwood Village	Los Angeles County	No verified route record
geonames:5408615	Wheaton Springs	San Bernardino County	No verified route record
geonames:5408653	Wheeler Ridge	Kern County	No verified route record
geonames:5408660	Wherry Housing	Kern County	No verified route record
geonames:5408716	Whispering Pines	San Diego County	No verified route record
geonames:5408795	White Heather	Los Angeles County	No verified route record
geonames:5408936	White Water	Riverside County	No verified route record
geonames:5408982	Whitley Gardens	San Luis Obispo County	No verified route record
geonames:5409037	Whittier Junction	Los Angeles County	No verified route record
geonames:5409059	Whittier	Los Angeles County	No verified route record
geonames:5409062	Wible Orchard	Kern County	No verified route record
geonames:5409090	Wiest	Imperial County	No verified route record
geonames:5409136	Wild Crossing	San Bernardino County	No verified route record
geonames:5409179	Wildasin	Los Angeles County	No verified route record
geonames:5409250	Wildhorse Canyon	San Bernardino County	No verified route record
geonames:5409260	Wildomar	Riverside County	No verified route record
geonames:5409274	Wildwood	Los Angeles County	No verified route record
geonames:5409275	Wildwood	Los Angeles County	No verified route record
geonames:5409495	Willis Palms	Riverside County	No verified route record
geonames:5409517	Willow Brook	Los Angeles County	No verified route record
geonames:5409732	Willow Springs	Kern County	No verified route record
geonames:5409768	Willowbrook	Los Angeles County	No verified route record
geonames:5409774	Willowick Royal Mobile Home Park	Orange County	No verified route record
geonames:5409792	Willowville	Los Angeles County	No verified route record
geonames:5409801	Wilmar	Los Angeles County	No verified route record
geonames:5409802	Wilmington	Los Angeles County	No verified route record
geonames:5409849	Wilson Corner	San Luis Obispo County	No verified route record
geonames:5409935	Wilsona Gardens	Los Angeles County	No verified route record
geonames:5409959	Winchester	Riverside County	No verified route record
geonames:5410010	Windsor Hills	Los Angeles County	No verified route record
geonames:5410024	Windsor Crest	Riverside County	No verified route record
geonames:5410095	Winnetka	Los Angeles County	No verified route record
geonames:5410111	Wingfoot	Los Angeles County	No verified route record
geonames:5410118	Winter Gardens	Los Angeles County	No verified route record
geonames:5410123	Winterhaven	Imperial County	No verified route record
geonames:5410129	Winter Gardens	San Diego County	No verified route record
geonames:5410140	Wintersburg	Orange County	No verified route record
geonames:5410142	Winterwarm	San Diego County	No verified route record
geonames:5410198	Wister	Imperial County	No verified route record
geonames:5410227	Wofford Heights	Kern County	No verified route record
geonames:5410382	Woodcrest	Riverside County	No verified route record
geonames:5410403	Woodford	Kern County	No verified route record
geonames:5410438	Woodland Hills	Los Angeles County	No verified route record
geonames:5410457	Woodlands	San Bernardino County	No verified route record
geonames:5410556	Woodside Village	Los Angeles County	No verified route record
geonames:5410589	Woody	Kern County	No verified route record
geonames:5410619	Workman	Los Angeles County	No verified route record
geonames:5410682	Wrightwood	San Bernardino County	No verified route record
geonames:5410725	Wynola	San Diego County	No verified route record
geonames:5410730	Wyvernwood	Los Angeles County	No verified route record
geonames:5410749	Yaldora	San Diego County	No verified route record
geonames:5410851	Yermo	San Bernardino County	No verified route record
geonames:5410895	Yorba	Orange County	No verified route record
geonames:5410902	Yorba Linda	Orange County	No verified route record
geonames:5411046	Yucaipa	San Bernardino County	No verified route record
geonames:5411068	Yucca Grove	San Bernardino County	No verified route record
geonames:5411069	Yucca Inn	San Bernardino County	No verified route record
geonames:5411079	Yucca Valley	San Bernardino County	No verified route record
geonames:5411169	Zentner	Kern County	No verified route record
geonames:5411245	Zzyzx	San Bernardino County	No verified route record
geonames:5550211	Baird Park	Los Angeles County	No verified route record
geonames:5550212	Barnwell	San Bernardino County	No verified route record
geonames:5550230	Bromela	San Luis Obispo County	No verified route record
geonames:5550236	Cajon Heights	San Diego County	No verified route record
geonames:5550271	Fairmont	Los Angeles County	No verified route record
geonames:5550291	Havasu Lake	San Bernardino County	No verified route record
geonames:5550294	Gulf	Kern County	No verified route record
geonames:5550327	South Laguna	Orange County	No verified route record
geonames:5550337	Pentland	Kern County	No verified route record
geonames:5550341	Pope	Imperial County	No verified route record
geonames:5550356	Silver Strand	Ventura County	No verified route record
geonames:5550368	Wasco	Kern County	No verified route record
geonames:5550370	Vinland	Kern County	No verified route record
geonames:5550371	West Saticoy	Ventura County	No verified route record
geonames:6285747	Los Feliz	Los Angeles County	No verified route record
geonames:6690773	Stevenson Ranch	Los Angeles County	No verified route record
geonames:6946498	West LA	Los Angeles County	No verified route record
geonames:6946540	Los Angeles City Center	Los Angeles County	No verified route record
geonames:6956415	George	San Bernardino County	No verified route record
geonames:7119914	Golden Skies Mobile Home Park	Orange County	No verified route record
geonames:7132919	Outpost Estates	Los Angeles County	No verified route record
geonames:7133707	Avenue E Trailer Park	Los Angeles County	No verified route record
geonames:7133709	Stallion Meadow Mobile Home Park	Los Angeles County	No verified route record
geonames:7134193	Carthay Square	Los Angeles County	No verified route record
geonames:7134194	Harvard Heights	Los Angeles County	No verified route record
geonames:7134195	Hollywood Heights	Los Angeles County	No verified route record
geonames:7134197	Lafayette Square	Los Angeles County	No verified route record
geonames:7134198	Larchmont	Los Angeles County	No verified route record
geonames:7134199	Little Ethiopia	Los Angeles County	No verified route record
geonames:7134200	Picfair Village	Los Angeles County	No verified route record
geonames:7134201	Windsor Square	Los Angeles County	No verified route record
geonames:7150231	Bluff Heights	Los Angeles County	No verified route record
geonames:7150232	Cambodia Town	Los Angeles County	No verified route record
geonames:7150233	Wrigley	Los Angeles County	No verified route record
geonames:7176012	Graham	Los Angeles County	No verified route record
geonames:7220609	Desert Edge	Riverside County	No verified route record
geonames:7235404	North Bench	San Bernardino County	No verified route record
geonames:7260996	Camp Pendleton North	San Diego County	No verified route record
geonames:7260997	Camp Pendleton South	San Diego County	No verified route record
geonames:7261029	Casa de Oro-Mount Helix	San Diego County	No verified route record
geonames:7261098	Edwards Air Force Base	Kern County	No verified route record
geonames:7261226	March Air Force Base	Riverside County	No verified route record
geonames:7261268	Florence-Graham	Los Angeles County	No verified route record
geonames:7261275	Foothill Ranch  (historical)	Orange County	No verified route record
geonames:7261464	Idyllwild-Pine Cove	Riverside County	No verified route record
geonames:7261553	La Crescenta-Montrose	Los Angeles County	No verified route record
geonames:7261752	East Blythe	Riverside County	No verified route record
geonames:7261942	Murrieta Hot Springs  (historical)	Riverside County	No verified route record
geonames:7261958	Nebo Center  (historical)	San Bernardino County	No verified route record
geonames:7261972	Newport Coast  (historical)	Orange County	No verified route record
geonames:7262145	Portola Hills  (historical)	Orange County	No verified route record
geonames:7262162	Quail Valley  (historical)	Riverside County	No verified route record
geonames:7262307	San Joaquin Hills  (historical)	Orange County	No verified route record
geonames:7262351	Sedco Hills Census Designated Place (historical)	Riverside County	No verified route record
geonames:7262420	Twentynine Palms Base  (historical)	San Bernardino County	No verified route record
geonames:7262449	Vandenberg Space Force Base	Santa Barbara County	No verified route record
geonames:7262460	View Park-Windsor Hills	Los Angeles County	No verified route record
geonames:7262464	Vincent	Los Angeles County	No verified route record
geonames:7262518	West Whittier-Los Nietos	Los Angeles County	No verified route record
geonames:7262628	Sun City  (historical)	Riverside County	No verified route record
geonames:7284981	Old Town Pasadena	Los Angeles County	No verified route record
geonames:7284982	Valley Village	Los Angeles County	No verified route record
geonames:7315193	Blacklake	San Luis Obispo County	No verified route record
geonames:7315200	Meadowbrook	Riverside County	No verified route record
geonames:7315204	Oak Shores	San Luis Obispo County	No verified route record
geonames:7315210	Sun Village	Los Angeles County	No verified route record
geonames:7315212	Woodlands	San Luis Obispo County	No verified route record
geonames:8030162	West Hills	Los Angeles County	No verified route record
geonames:8062677	Bunker Hill	Los Angeles County	No verified route record
geonames:8062678	Los Angeles Downtown	Los Angeles County	No verified route record
geonames:8062690	Westlake	Los Angeles County	No verified route record
geonames:8062691	Rampart Village	Los Angeles County	No verified route record
geonames:8062695	Norma Triangle	Los Angeles County	No verified route record
geonames:8062696	Beverly Center	Los Angeles County	No verified route record
geonames:8062697	Melrose	Los Angeles County	No verified route record
geonames:8062698	La Brea	Los Angeles County	No verified route record
geonames:8062699	Miracle Mile	Los Angeles County	No verified route record
geonames:8062700	Pico-Robertson	Los Angeles County	No verified route record
geonames:8062705	Beverlywood	Los Angeles County	No verified route record
geonames:8062706	Rancho Park	Los Angeles County	No verified route record
geonames:8096217	Eastvale	Riverside County	No verified route record
geonames:8259584	Cloverleaf Canyon	Los Angeles County	No verified route record
geonames:8478933	Baldwin Hills	Los Angeles County	No verified route record
geonames:8479074	Cimarron Estates	Santa Barbara County	No verified route record
geonames:8479184	Arlington Heights	Los Angeles County	No verified route record
geonames:8479285	Belmont Heights	Los Angeles County	No verified route record
geonames:8479286	Bluff Park	Los Angeles County	No verified route record
geonames:8479287	Rose Park	Los Angeles County	No verified route record
geonames:8479288	Whitley Heights	Los Angeles County	No verified route record
geonames:8479424	Newport Coast	Orange County	No verified route record
geonames:8479549	Echo Park	Los Angeles County	No verified route record
geonames:8479874	Kagel Canyon	Los Angeles County	No verified route record
geonames:8480004	Lake Balboa	Los Angeles County	No verified route record
geonames:8480025	Palos Verdes Peninsula	Los Angeles County	No verified route record
geonames:8480028	Green Valley	San Diego County	No verified route record
geonames:8481841	Silver Lakes	San Bernardino County	No verified route record
geonames:8481842	Spring Valley Lake	San Bernardino County	No verified route record
geonames:9609501	Inspiration Point North, San Diego	San Diego County	No verified route record
geonames:9682100	Sherwood Forest	Los Angeles County	No verified route record
geonames:9682792	Tejon Ranch	Kern County	No verified route record
geonames:9958188	Roosevelt	Los Angeles County	No verified route record
geonames:10104153	Silver Lake	Los Angeles County	No verified route record
geonames:10104154	Echo Park	Los Angeles County	No verified route record
geonames:11055071	Wofford Heights	Kern County	No verified route record
geonames:11204869	Melaga Cove	Los Angeles County	No verified route record
geonames:11494824	French Valley	Riverside County	No verified route record
geonames:11670331	East Side Capistrano	San Diego County	No verified route record
geonames:11670332	Dixie Village	San Diego County	No verified route record
geonames:11670333	Loma Alta	San Diego County	No verified route record
geonames:11670334	Fire Mountain	San Diego County	No verified route record
geonames:11809441	Hidden Valley	Ventura County	No verified route record
geonames:11811538	Porter Ranch	Los Angeles County	No verified route record
geonames:11820236	Little Italy	San Diego County	No verified route record
geonames:11821022	Brandeis	Ventura County	No verified route record
geonames:11821023	Jurupa Valley	Riverside County	No verified route record
geonames:11838960	Valley Glen	Los Angeles County	No verified route record
geonames:11920070	Historic Filipinotown	Los Angeles County	No verified route record
geonames:12110404	Southeastern San Diego	San Diego County	No verified route record
geonames:12110405	Otay Mesa-Nestor	San Diego County	No verified route record
geonames:12110406	Otay Mesa	San Diego County	No verified route record
geonames:12110407	Mission Valley	San Diego County	No verified route record
geonames:12110408	Midway-Pacific Highway	San Diego County	No verified route record
geonames:12110409	Military Facilities	San Diego County	No verified route record
geonames:12110410	Los Penasquitos Canyon	San Diego County	No verified route record
geonames:12110411	Carmel Valley	San Diego County	No verified route record
geonames:12110412	Kearny Mesa	San Diego County	No verified route record
geonames:12110413	Mid-City:Kensington-Talmadge	San Diego County	No verified route record
geonames:12110415	Downtown	San Diego County	No verified route record
geonames:12110416	Torrey Pines	San Diego County	No verified route record
geonames:12110417	Scripps Miramar Ranch	San Diego County	No verified route record
geonames:12110418	Greater Golden Hill	San Diego County	No verified route record
geonames:12110419	Carmel Mountain Ranch	San Diego County	No verified route record
geonames:12110421	Mid-City:City Heights	San Diego County	No verified route record
geonames:12110422	Skyline-Paradise Hills	San Diego County	No verified route record
geonames:12110423	Uptown	San Diego County	No verified route record
geonames:12110424	Miramar Ranch North	San Diego County	No verified route record
geonames:12110425	Mid-City:Eastern Area	San Diego County	No verified route record
geonames:12110426	Peninsula	San Diego County	No verified route record
geonames:12110427	Mission Bay Park	San Diego County	No verified route record
geonames:12110429	Ncfua Subarea Ii	San Diego County	No verified route record
geonames:12110432	East Elliott	San Diego County	No verified route record
geonames:12110433	Navajo	San Diego County	No verified route record
geonames:12110434	Clairemont Mesa	San Diego County	No verified route record
geonames:12110435	College Area	San Diego County	No verified route record
geonames:12110436	Via De La Valle	San Diego County	No verified route record
geonames:12110437	Tijuana River Valley	San Diego County	No verified route record
geonames:12110438	Fairbanks Ranch Country Club	San Diego County	No verified route record
geonames:12110439	Torrey Hills	San Diego County	No verified route record
geonames:12110440	Balboa Park	San Diego County	No verified route record
geonames:12110441	Torrey Highlands	San Diego County	No verified route record
geonames:12110442	Pacific Highlands Ranch	San Diego County	No verified route record
geonames:12110443	Del Mar Mesa	San Diego County	No verified route record
geonames:12110444	Rancho Encantada	San Diego County	No verified route record
geonames:12110446	Black Mountain Ranch	San Diego County	No verified route record
geonames:12156533	County Center	San Diego County	No verified route record
geonames:12195610	Rancho Belago	Riverside County	No verified route record
geonames:12501031	Aztec Center	San Diego County	No verified route record
geonames:12522847	East Imperial	Imperial County	No verified route record
geonames:12522848	Calipatria-Westmorland	Imperial County	No verified route record
geonames:12522849	West Imperial	Imperial County	No verified route record
geonames:12522850	Oceanside-Escondido	San Diego County	No verified route record
geonames:12522851	Laguna-Pine Valley	San Diego County	No verified route record
geonames:12522852	Mountain Empire	San Diego County	No verified route record
geonames:12522853	Palomar-Julian	San Diego County	No verified route record
geonames:12522854	Camp Pendleton	San Diego County	No verified route record
geonames:12522855	Elsinore Valley	Riverside County	No verified route record
geonames:12522856	Rancho Mission Viejo	Orange County	No verified route record
geonames:12522857	Irvine-Lake Forest	Orange County	No verified route record
geonames:12522858	Anaheim-Santa Ana-Garden Grove	Orange County	No verified route record
geonames:12522859	South Coast	Orange County	No verified route record
geonames:12522863	Lake Mathews	Riverside County	No verified route record
geonames:12523046	Chuckwalla Valley	Riverside County	No verified route record
geonames:12523047	Idyllwild	Riverside County	No verified route record
geonames:12523048	Cathedral City-Palm Desert	Riverside County	No verified route record
geonames:12523050	Perris Valley	Riverside County	No verified route record
geonames:12523051	Hemet-San Jacinto	Riverside County	No verified route record
geonames:12523052	San Gorgonio Pass	Riverside County	No verified route record
geonames:12523054	Jurupa	Riverside County	No verified route record
geonames:12523055	East San Gabriel Valley	Los Angeles County	No verified route record
geonames:12523056	Mount Baldy-Wrightwood	San Bernardino County	No verified route record
geonames:12523057	South Antelope Valley	Los Angeles County	No verified route record
geonames:12523058	San Fernando Valley	Los Angeles County	No verified route record
geonames:12523059	Agoura Hills-Malibu	Los Angeles County	No verified route record
geonames:12523060	Newhall	Los Angeles County	No verified route record
geonames:12523062	North Antelope Valley	Los Angeles County	No verified route record
geonames:12523065	Victorville-Hesperia	San Bernardino County	No verified route record
geonames:12523066	East Kern	Kern County	No verified route record
geonames:12523067	Newberry Springs-Baker	San Bernardino County	No verified route record
geonames:12523069	Twentynine Palms-Yucca Valley	San Bernardino County	No verified route record
geonames:12523270	Delano-McFarland	Kern County	No verified route record
geonames:12523271	West Kern	Kern County	No verified route record
geonames:12523272	Arvin-Lamont	Kern County	No verified route record
geonames:12523273	Greenfield-Panama	Kern County	No verified route record
geonames:12523274	Los Padres	Ventura County	No verified route record
geonames:12523275	Solvang-Santa Ynez	Santa Barbara County	No verified route record
geonames:12523276	Ojai-Mira Monte	Ventura County	No verified route record
geonames:12523277	Triunfo Pass-Point Mugu	Ventura County	No verified route record
geonames:12523278	Winterhaven-Bard	Imperial County	No verified route record
geonames:12523279	Palos Verdes	Los Angeles County	No verified route record
geonames:12750391	Turtle Rock	Orange County	No verified route record
geonames:12750392	Woodbridge	Orange County	No verified route record
geonames:12750393	University Town Center	Orange County	No verified route record
geonames:12750394	University Park	Orange County	No verified route record
geonames:12750395	University Research Park	Orange County	No verified route record
geonames:12750396	Westpark	Orange County	No verified route record
geonames:12750398	UC Irvine	Orange County	No verified route record
geonames:12750399	Quail Hill	Orange County	No verified route record
geonames:12750400	Irvine Health and Science Complex	Orange County	No verified route record
geonames:12750401	Oak Creek	Orange County	No verified route record
geonames:12750402	Cypress Village	Orange County	No verified route record
geonames:12750403	El Camino Real	Orange County	No verified route record
geonames:12750404	Walnut Village	Orange County	No verified route record
geonames:12750405	Stonegate	Orange County	No verified route record
geonames:12750406	Northwood	Orange County	No verified route record
geonames:12750416	Tustin Legacy	Orange County	No verified route record
geonames:13157305	Adams-Normandie	Los Angeles County	No verified route record
geonames:13157306	Baldwin Hills/Crenshaw	Los Angeles County	No verified route record
geonames:13157307	Beverly Crest	Los Angeles County	No verified route record
geonames:13157308	Central-Alameda	Los Angeles County	No verified route record
geonames:13157309	Harvard Park	Los Angeles County	No verified route record
geonames:13157310	South Park	Los Angeles County	No verified route record
geonames:13157311	University Park	Los Angeles County	No verified route record
geonames:13157312	Vermont-Slauson	Los Angeles County	No verified route record
geonames:13157313	Carthay	Los Angeles County	No verified route record
geonames:13157314	Elysian Valley	Los Angeles County	No verified route record
geonames:13157315	Fairfax	Los Angeles County	No verified route record
geonames:13157316	Green Meadows	Los Angeles County	No verified route record
geonames:13157317	Griffith Park	Los Angeles County	No verified route record
geonames:13157318	Hansen Dam	Los Angeles County	No verified route record
geonames:13157319	Gramercy Park	Los Angeles County	No verified route record
geonames:13157320	Montecito Heights	Los Angeles County	No verified route record
geonames:13157321	Sepulveda Basin	Los Angeles County	No verified route record
geonames:13157322	Pico-Union	Los Angeles County	No verified route record
geonames:13157323	Vermont Knolls	Los Angeles County	No verified route record
geonames:13157324	Vermont Square	Los Angeles County	No verified route record
geonames:13157325	Vermont Vista	Los Angeles County	No verified route record
geonames:13157326	Arleta	Los Angeles County	No verified route record
geonames:13157327	Elysian Park	Los Angeles County	No verified route record
geonames:13157328	Broadway-Manchester	Los Angeles County	No verified route record
geonames:13157329	Chesterfield Square	Los Angeles County	No verified route record
geonames:13157330	Manchester Square	Los Angeles County	No verified route record
geonames:13157331	Mid-Wilshire	Los Angeles County	No verified route record
geonames:13157332	West Adams	Los Angeles County	No verified route record
geonames:13157333	Chatsworth Reservoir	Los Angeles County	No verified route record
geonames:13157334	Cheviot Hills	Los Angeles County	No verified route record
geonames:13157336	Toluca Lake	Los Angeles County	No verified route record
geonames:13157337	East Hollywood	Los Angeles County	No verified route record
geonames:13157338	Exposition Park	Los Angeles County	No verified route record
geonames:13157339	Beverly Grove	Los Angeles County	No verified route record
geonames:13157340	Harbor Gateway	Los Angeles County	No verified route record
geonames:13157341	Hollywood Hills	Los Angeles County	No verified route record
geonames:13157342	Historic South-Central	Los Angeles County	No verified route record
geonames:13157343	Mid-City	Los Angeles County	No verified route record
geonames:13157344	Hollywood Hills West	Los Angeles County	No verified route record
